[07-Oct-2025 08:34:13 America/Toronto] No shipping_details found in Stripe session: cs_test_a1A5uhLynilnbVCdOrkOvHijeSMlhHBW5MsTq4yINphrXKCCLAnqcfoVC7
[07-Oct-2025 08:37:39 America/Toronto] No shipping_details found in Stripe session: cs_test_b1dCE0lt48mX2viVpgUZTILLEF8GQMFHcFUyvQEX8dDJWtCH69Ndi9jB06
[07-Oct-2025 08:47:02 America/Toronto] create_session.php: Checkout Session created with ID: cs_test_b1noDkJFqCkULcd1IHkpYXZAWHj5rxzPySC9xBVQu2JOpBa86VN62BpcXf
[07-Oct-2025 08:54:57 America/Toronto] create_session.php: Checkout Session created with ID: cs_test_b17aH1RhKr96yKRMrwdGAvsMhlFdyIRmecOl7ikwVh5a6uV5HKfErtcLf9 | Shipping address collection: required, allowed_countries: AC
[07-Oct-2025 08:55:09 America/Toronto] No shipping_details found in Stripe session: cs_test_b17aH1RhKr96yKRMrwdGAvsMhlFdyIRmecOl7ikwVh5a6uV5HKfErtcLf9
[07-Oct-2025 08:56:58 America/Toronto] create_session.php: Checkout Session created with ID: cs_test_a1ahriIYLyiBgdHNFusWfXDT5p34Uf4zAn0Pr65e06RFeQ5DlPjN1qxajP | Shipping address collection: required, allowed_countries: AC
[07-Oct-2025 09:06:16 America/Toronto] create_session.php: Checkout Session created with ID: cs_test_a1OFrkwYOc8UvZpfBqKmwgpN6SUydvh0vKgoO5XyAN5ajLhfYbNw7vvGnL | Shipping address collection: required, allowed_countries: AU,AT,BE,BR,BG,CA,HR,CY,CZ,DK,EE,FI,FR,DE,GI,GR,HK,HU,IE,IT,JP,LV,LI,LT,LU,MY,MT,MX,NL,NZ,NO,PL,PT,RO,SG,SK,SI,ES,SE,CH,TH,AE,GB,US
[07-Oct-2025 09:06:46 America/Toronto] No shipping_details found in Stripe session: cs_test_a1OFrkwYOc8UvZpfBqKmwgpN6SUydvh0vKgoO5XyAN5ajLhfYbNw7vvGnL
[07-Oct-2025 09:09:16 America/Toronto] create_session.php: Checkout Session created with ID: cs_test_b1aTp0T0VjoMFpJv8CdsroKu5kNdrhBSCEs1lQm6yyKjl8SkC0YOyx6uwv | Shipping address collection: required, allowed_countries: AU,AT,BE,BR,BG,CA,HR,CY,CZ,DK,EE,FI,FR,DE,GI,GR,HK,HU,IE,IT,JP,LV,LI,LT,LU,MY,MT,MX,NL,NZ,NO,PL,PT,RO,SG,SK,SI,ES,SE,CH,TH,AE,GB,US
[07-Oct-2025 09:09:45 America/Toronto] success.php: Stripe Session Data: {
    "id": "cs_test_b1aTp0T0VjoMFpJv8CdsroKu5kNdrhBSCEs1lQm6yyKjl8SkC0YOyx6uwv",
    "object": "checkout.session",
    "adaptive_pricing": {
        "enabled": true
    },
    "after_expiration": null,
    "allow_promotion_codes": null,
    "amount_subtotal": 7699,
    "amount_total": 7699,
    "automatic_tax": {
        "enabled": false,
        "liability": null,
        "provider": null,
        "status": null
    },
    "billing_address_collection": "required",
    "branding_settings": {
        "background_color": "#ffffff",
        "border_style": "rounded",
        "button_color": "#0074d4",
        "display_name": "New business sandbox",
        "font_family": "default",
        "icon": null,
        "logo": null
    },
    "cancel_url": "https:\/\/elite.kalonoid.com\/cart.php",
    "client_reference_id": null,
    "client_secret": null,
    "collected_information": {
        "business_name": null,
        "individual_name": null,
        "shipping_details": {
            "address": {
                "city": "Us",
                "country": "US",
                "line1": "44 Mazoriya",
                "line2": "208\/Ayat",
                "postal_code": "19958",
                "state": "DE"
            },
            "name": "Dinaol Enku"
        }
    },
    "consent": null,
    "consent_collection": null,
    "created": 1759842556,
    "currency": "usd",
    "currency_conversion": null,
    "custom_fields": [],
    "custom_text": {
        "after_submit": null,
        "shipping_address": null,
        "submit": null,
        "terms_of_service_acceptance": null
    },
    "customer": null,
    "customer_creation": "if_required",
    "customer_details": {
        "address": {
            "city": "Us",
            "country": "ET",
            "line1": "44 Mazoriya",
            "line2": "208\/Ayat",
            "postal_code": "1000",
            "state": null
        },
        "business_name": null,
        "email": "dinaolenku@gmail.com",
        "individual_name": null,
        "name": "Dinaol Enku",
        "phone": null,
        "tax_exempt": "none",
        "tax_ids": []
    },
    "customer_email": "dinaolenku@gmail.com",
    "discounts": [],
    "expires_at": 1759928956,
    "invoice": null,
    "invoice_creation": {
        "enabled": false,
        "invoice_data": {
            "account_tax_ids": null,
            "custom_fields": null,
            "description": null,
            "footer": null,
            "issuer": null,
            "metadata": [],
            "rendering_options": null
        }
    },
    "livemode": false,
    "locale": null,
    "metadata": [],
    "mode": "payment",
    "origin_context": null,
    "payment_intent": "pi_3SFae92NRh8PlH5z1uitRPFd",
    "payment_link": null,
    "payment_method_collection": "if_required",
    "payment_method_configuration_details": null,
    "payment_method_options": {
        "card": {
            "request_three_d_secure": "automatic"
        }
    },
    "payment_method_types": [
        "card"
    ],
    "payment_status": "paid",
    "permissions": null,
    "phone_number_collection": {
        "enabled": false
    },
    "recovered_from": null,
    "saved_payment_method_options": null,
    "setup_intent": null,
    "shipping_address_collection": {
        "allowed_countries": [
            "AU",
            "AT",
            "BE",
            "BR",
            "BG",
            "CA",
            "HR",
            "CY",
            "CZ",
            "DK",
            "EE",
            "FI",
            "FR",
            "DE",
            "GI",
            "GR",
            "HK",
            "HU",
            "IE",
            "IT",
            "JP",
            "LV",
            "LI",
            "LT",
            "LU",
            "MY",
            "MT",
            "MX",
            "NL",
            "NZ",
            "NO",
            "PL",
            "PT",
            "RO",
            "SG",
            "SK",
            "SI",
            "ES",
            "SE",
            "CH",
            "TH",
            "AE",
            "GB",
            "US"
        ]
    },
    "shipping_cost": null,
    "shipping_options": [],
    "status": "complete",
    "submit_type": null,
    "subscription": null,
    "success_url": "https:\/\/elite.kalonoid.com\/success.php?session_id={CHECKOUT_SESSION_ID}",
    "total_details": {
        "amount_discount": 0,
        "amount_shipping": 0,
        "amount_tax": 0
    },
    "ui_mode": "hosted",
    "url": null,
    "wallet_options": null
}
[07-Oct-2025 09:09:45 America/Toronto] success.php: No shipping_details found in Stripe session: cs_test_b1aTp0T0VjoMFpJv8CdsroKu5kNdrhBSCEs1lQm6yyKjl8SkC0YOyx6uwv
[07-Oct-2025 09:09:45 America/Toronto] success.php: Error - Shipping address is required but not provided. | Session ID: cs_test_b1aTp0T0VjoMFpJv8CdsroKu5kNdrhBSCEs1lQm6yyKjl8SkC0YOyx6uwv
[07-Oct-2025 09:10:02 America/Toronto] create_session.php: Checkout Session created with ID: cs_test_b10bEsqMVxUEZQiuY9P5ANhG7MerqA5ReTuZqsbWZa0ntXk9RO7TVsDY8o | Shipping address collection: required, allowed_countries: AU,AT,BE,BR,BG,CA,HR,CY,CZ,DK,EE,FI,FR,DE,GI,GR,HK,HU,IE,IT,JP,LV,LI,LT,LU,MY,MT,MX,NL,NZ,NO,PL,PT,RO,SG,SK,SI,ES,SE,CH,TH,AE,GB,US
[07-Oct-2025 09:10:32 America/Toronto] success.php: Stripe Session Data: {
    "id": "cs_test_b10bEsqMVxUEZQiuY9P5ANhG7MerqA5ReTuZqsbWZa0ntXk9RO7TVsDY8o",
    "object": "checkout.session",
    "adaptive_pricing": {
        "enabled": true
    },
    "after_expiration": null,
    "allow_promotion_codes": null,
    "amount_subtotal": 7699,
    "amount_total": 7699,
    "automatic_tax": {
        "enabled": false,
        "liability": null,
        "provider": null,
        "status": null
    },
    "billing_address_collection": "required",
    "branding_settings": {
        "background_color": "#ffffff",
        "border_style": "rounded",
        "button_color": "#0074d4",
        "display_name": "New business sandbox",
        "font_family": "default",
        "icon": null,
        "logo": null
    },
    "cancel_url": "https:\/\/elite.kalonoid.com\/cart.php",
    "client_reference_id": null,
    "client_secret": null,
    "collected_information": {
        "business_name": null,
        "individual_name": null,
        "shipping_details": {
            "address": {
                "city": "Dover County",
                "country": "US",
                "line1": "8 the green ste R",
                "line2": null,
                "postal_code": "19901",
                "state": "DE"
            },
            "name": "Dinaol Enku"
        }
    },
    "consent": null,
    "consent_collection": null,
    "created": 1759842602,
    "currency": "usd",
    "currency_conversion": null,
    "custom_fields": [],
    "custom_text": {
        "after_submit": null,
        "shipping_address": null,
        "submit": null,
        "terms_of_service_acceptance": null
    },
    "customer": null,
    "customer_creation": "if_required",
    "customer_details": {
        "address": {
            "city": "Us",
            "country": "ET",
            "line1": "44 Mazoriya",
            "line2": "208\/Ayat",
            "postal_code": "1000",
            "state": null
        },
        "business_name": null,
        "email": "dinaolenku@gmail.com",
        "individual_name": null,
        "name": "Dinaol Enku",
        "phone": null,
        "tax_exempt": "none",
        "tax_ids": []
    },
    "customer_email": "dinaolenku@gmail.com",
    "discounts": [],
    "expires_at": 1759929002,
    "invoice": null,
    "invoice_creation": {
        "enabled": false,
        "invoice_data": {
            "account_tax_ids": null,
            "custom_fields": null,
            "description": null,
            "footer": null,
            "issuer": null,
            "metadata": [],
            "rendering_options": null
        }
    },
    "livemode": false,
    "locale": null,
    "metadata": [],
    "mode": "payment",
    "origin_context": null,
    "payment_intent": "pi_3SFaeu2NRh8PlH5z0Fm0t9XE",
    "payment_link": null,
    "payment_method_collection": "if_required",
    "payment_method_configuration_details": null,
    "payment_method_options": {
        "card": {
            "request_three_d_secure": "automatic"
        }
    },
    "payment_method_types": [
        "card"
    ],
    "payment_status": "paid",
    "permissions": null,
    "phone_number_collection": {
        "enabled": false
    },
    "recovered_from": null,
    "saved_payment_method_options": null,
    "setup_intent": null,
    "shipping_address_collection": {
        "allowed_countries": [
            "AU",
            "AT",
            "BE",
            "BR",
            "BG",
            "CA",
            "HR",
            "CY",
            "CZ",
            "DK",
            "EE",
            "FI",
            "FR",
            "DE",
            "GI",
            "GR",
            "HK",
            "HU",
            "IE",
            "IT",
            "JP",
            "LV",
            "LI",
            "LT",
            "LU",
            "MY",
            "MT",
            "MX",
            "NL",
            "NZ",
            "NO",
            "PL",
            "PT",
            "RO",
            "SG",
            "SK",
            "SI",
            "ES",
            "SE",
            "CH",
            "TH",
            "AE",
            "GB",
            "US"
        ]
    },
    "shipping_cost": null,
    "shipping_options": [],
    "status": "complete",
    "submit_type": null,
    "subscription": null,
    "success_url": "https:\/\/elite.kalonoid.com\/success.php?session_id={CHECKOUT_SESSION_ID}",
    "total_details": {
        "amount_discount": 0,
        "amount_shipping": 0,
        "amount_tax": 0
    },
    "ui_mode": "hosted",
    "url": null,
    "wallet_options": null
}
[07-Oct-2025 09:10:32 America/Toronto] success.php: No shipping_details found in Stripe session: cs_test_b10bEsqMVxUEZQiuY9P5ANhG7MerqA5ReTuZqsbWZa0ntXk9RO7TVsDY8o
[07-Oct-2025 09:10:32 America/Toronto] success.php: Error - Shipping address is required but not provided. | Session ID: cs_test_b10bEsqMVxUEZQiuY9P5ANhG7MerqA5ReTuZqsbWZa0ntXk9RO7TVsDY8o
[07-Oct-2025 09:14:51 America/Toronto] create_session.php: Checkout Session created with ID: cs_test_b14VzuV2JFSvdvMXuXGyHBYcIWNBLRVjj5fcVpaX2MkzeSKaxPmnhIxpA9 | Shipping address collection: required, allowed_countries: AU,AT,BE,BR,BG,CA,HR,CY,CZ,DK,EE,FI,FR,DE,GI,GR,HK,HU,IE,IT,JP,LV,LI,LT,LU,MY,MT,MX,NL,NZ,NO,PL,PT,RO,SG,SK,SI,ES,SE,CH,TH,AE,GB,US
[07-Oct-2025 09:15:43 America/Toronto] success.php: Stripe Session Data: {
    "id": "cs_test_b14VzuV2JFSvdvMXuXGyHBYcIWNBLRVjj5fcVpaX2MkzeSKaxPmnhIxpA9",
    "object": "checkout.session",
    "adaptive_pricing": {
        "enabled": true
    },
    "after_expiration": null,
    "allow_promotion_codes": null,
    "amount_subtotal": 12899,
    "amount_total": 12899,
    "automatic_tax": {
        "enabled": false,
        "liability": null,
        "provider": null,
        "status": null
    },
    "billing_address_collection": "required",
    "branding_settings": {
        "background_color": "#ffffff",
        "border_style": "rounded",
        "button_color": "#0074d4",
        "display_name": "New business sandbox",
        "font_family": "default",
        "icon": null,
        "logo": null
    },
    "cancel_url": "https:\/\/elite.kalonoid.com\/cart.php",
    "client_reference_id": null,
    "client_secret": null,
    "collected_information": {
        "business_name": null,
        "individual_name": null,
        "shipping_details": {
            "address": {
                "city": "Dover County",
                "country": "US",
                "line1": "8 the green ste R",
                "line2": null,
                "postal_code": "19901",
                "state": "DE"
            },
            "name": "Dinaol Enku"
        }
    },
    "consent": null,
    "consent_collection": null,
    "created": 1759842891,
    "currency": "usd",
    "currency_conversion": null,
    "custom_fields": [],
    "custom_text": {
        "after_submit": null,
        "shipping_address": null,
        "submit": null,
        "terms_of_service_acceptance": null
    },
    "customer": null,
    "customer_creation": "if_required",
    "customer_details": {
        "address": {
            "city": "Us",
            "country": "ET",
            "line1": "44 Mazoriya",
            "line2": "208\/Ayat",
            "postal_code": "1000",
            "state": null
        },
        "business_name": null,
        "email": "dinaolenku@gmail.com",
        "individual_name": null,
        "name": "Dinaol Enku",
        "phone": null,
        "tax_exempt": "none",
        "tax_ids": []
    },
    "customer_email": "dinaolenku@gmail.com",
    "discounts": [],
    "expires_at": 1759929291,
    "invoice": null,
    "invoice_creation": {
        "enabled": false,
        "invoice_data": {
            "account_tax_ids": null,
            "custom_fields": null,
            "description": null,
            "footer": null,
            "issuer": null,
            "metadata": [],
            "rendering_options": null
        }
    },
    "livemode": false,
    "locale": null,
    "metadata": [],
    "mode": "payment",
    "origin_context": null,
    "payment_intent": "pi_3SFajv2NRh8PlH5z0jLNPqV4",
    "payment_link": null,
    "payment_method_collection": "if_required",
    "payment_method_configuration_details": null,
    "payment_method_options": {
        "card": {
            "request_three_d_secure": "automatic"
        }
    },
    "payment_method_types": [
        "card"
    ],
    "payment_status": "paid",
    "permissions": null,
    "phone_number_collection": {
        "enabled": false
    },
    "recovered_from": null,
    "saved_payment_method_options": null,
    "setup_intent": null,
    "shipping_address_collection": {
        "allowed_countries": [
            "AU",
            "AT",
            "BE",
            "BR",
            "BG",
            "CA",
            "HR",
            "CY",
            "CZ",
            "DK",
            "EE",
            "FI",
            "FR",
            "DE",
            "GI",
            "GR",
            "HK",
            "HU",
            "IE",
            "IT",
            "JP",
            "LV",
            "LI",
            "LT",
            "LU",
            "MY",
            "MT",
            "MX",
            "NL",
            "NZ",
            "NO",
            "PL",
            "PT",
            "RO",
            "SG",
            "SK",
            "SI",
            "ES",
            "SE",
            "CH",
            "TH",
            "AE",
            "GB",
            "US"
        ]
    },
    "shipping_cost": null,
    "shipping_options": [],
    "status": "complete",
    "submit_type": null,
    "subscription": null,
    "success_url": "https:\/\/elite.kalonoid.com\/success.php?session_id={CHECKOUT_SESSION_ID}",
    "total_details": {
        "amount_discount": 0,
        "amount_shipping": 0,
        "amount_tax": 0
    },
    "ui_mode": "hosted",
    "url": null,
    "wallet_options": null
}
[07-Oct-2025 09:15:43 America/Toronto] success.php: No shipping_details found in Stripe session: cs_test_b14VzuV2JFSvdvMXuXGyHBYcIWNBLRVjj5fcVpaX2MkzeSKaxPmnhIxpA9
[07-Oct-2025 09:15:43 America/Toronto] success.php: Order inserted with ID: 6
[07-Oct-2025 09:15:43 America/Toronto] success.php: Transaction committed for order ID: 6
[07-Oct-2025 09:57:15 America/Toronto] shipping.php: Shipping address stored in session: {
    "name": "Dinaol Enku",
    "address": {
        "line1": "44 Mazoriya",
        "line2": "208\/Ayat",
        "city": "Us",
        "state": "DE",
        "postal_code": "1000",
        "country": "GR"
    }
}
[07-Oct-2025 09:57:15 America/Toronto] create_session.php: Shipping address from session: {
    "name": "Dinaol Enku",
    "address": {
        "line1": "44 Mazoriya",
        "line2": "208\/Ayat",
        "city": "Us",
        "state": "DE",
        "postal_code": "1000",
        "country": "GR"
    }
}
[07-Oct-2025 09:57:15 America/Toronto] create_session.php: Checkout Session created with ID: cs_test_a1aEVK1FrYz68S9aBPMd4sezM6PJypYl4VGdrjdIToZH7GQ9kMVSaJObhc | Shipping address collection: disabled
[07-Oct-2025 10:03:14 America/Toronto] shipping.php: Shipping address stored in session: {
    "name": "Dinaol Enku",
    "address": {
        "line1": "44 Mazoriya",
        "line2": "208\/Ayat",
        "city": "Us",
        "state": "DE",
        "postal_code": "1000",
        "country": "GR"
    }
}
[07-Oct-2025 10:03:14 America/Toronto] create_session.php: Shipping address from session: {
    "name": "Dinaol Enku",
    "address": {
        "line1": "44 Mazoriya",
        "line2": "208\/Ayat",
        "city": "Us",
        "state": "DE",
        "postal_code": "1000",
        "country": "GR"
    }
}
[07-Oct-2025 10:03:14 America/Toronto] create_session.php: Checkout Session created with ID: cs_test_a1QeZDDNp4OWb6b6V2ApZZyp5vffEmi1BL81AoUbSLifTUzvkzI68VmJZN | Shipping address collection: disabled
[07-Oct-2025 10:03:48 America/Toronto] success.php: Stripe Session Data: {
    "id": "cs_test_a1QeZDDNp4OWb6b6V2ApZZyp5vffEmi1BL81AoUbSLifTUzvkzI68VmJZN",
    "object": "checkout.session",
    "adaptive_pricing": {
        "enabled": true
    },
    "after_expiration": null,
    "allow_promotion_codes": null,
    "amount_subtotal": 2499,
    "amount_total": 2499,
    "automatic_tax": {
        "enabled": false,
        "liability": null,
        "provider": null,
        "status": null
    },
    "billing_address_collection": "required",
    "branding_settings": {
        "background_color": "#ffffff",
        "border_style": "rounded",
        "button_color": "#0074d4",
        "display_name": "New business sandbox",
        "font_family": "default",
        "icon": null,
        "logo": null
    },
    "cancel_url": "https:\/\/elite.kalonoid.com\/cart.php",
    "client_reference_id": null,
    "client_secret": null,
    "collected_information": {
        "business_name": null,
        "individual_name": null,
        "shipping_details": null
    },
    "consent": null,
    "consent_collection": null,
    "created": 1759845794,
    "currency": "usd",
    "currency_conversion": null,
    "custom_fields": [],
    "custom_text": {
        "after_submit": null,
        "shipping_address": null,
        "submit": null,
        "terms_of_service_acceptance": null
    },
    "customer": null,
    "customer_creation": "if_required",
    "customer_details": {
        "address": {
            "city": "Us",
            "country": "ET",
            "line1": "44 Mazoriya",
            "line2": "208\/Ayat",
            "postal_code": "1000",
            "state": null
        },
        "business_name": null,
        "email": "dinaolenku@gmail.com",
        "individual_name": null,
        "name": "Dinaol Enku",
        "phone": null,
        "tax_exempt": "none",
        "tax_ids": []
    },
    "customer_email": "dinaolenku@gmail.com",
    "discounts": [],
    "expires_at": 1759932194,
    "invoice": null,
    "invoice_creation": {
        "enabled": false,
        "invoice_data": {
            "account_tax_ids": null,
            "custom_fields": null,
            "description": null,
            "footer": null,
            "issuer": null,
            "metadata": [],
            "rendering_options": null
        }
    },
    "livemode": false,
    "locale": null,
    "metadata": [],
    "mode": "payment",
    "origin_context": null,
    "payment_intent": "pi_3SFbUR2NRh8PlH5z1DDEa0Wm",
    "payment_link": null,
    "payment_method_collection": "if_required",
    "payment_method_configuration_details": null,
    "payment_method_options": {
        "card": {
            "request_three_d_secure": "automatic"
        }
    },
    "payment_method_types": [
        "card"
    ],
    "payment_status": "paid",
    "permissions": null,
    "phone_number_collection": {
        "enabled": false
    },
    "recovered_from": null,
    "saved_payment_method_options": null,
    "setup_intent": null,
    "shipping_address_collection": null,
    "shipping_cost": null,
    "shipping_options": [],
    "status": "complete",
    "submit_type": null,
    "subscription": null,
    "success_url": "https:\/\/elite.kalonoid.com\/success.php?session_id={CHECKOUT_SESSION_ID}",
    "total_details": {
        "amount_discount": 0,
        "amount_shipping": 0,
        "amount_tax": 0
    },
    "ui_mode": "hosted",
    "url": null,
    "wallet_options": null
}
[07-Oct-2025 10:03:48 America/Toronto] success.php: Shipping Address from Session: {
    "name": "Dinaol Enku",
    "address": {
        "line1": "44 Mazoriya",
        "line2": "208\/Ayat",
        "city": "Us",
        "state": "DE",
        "postal_code": "1000",
        "country": "GR"
    }
}
[07-Oct-2025 10:03:48 America/Toronto] success.php: Order inserted with ID: 7
[07-Oct-2025 10:03:48 America/Toronto] success.php: Cart and shipping address cleared from session
[07-Oct-2025 10:03:48 America/Toronto] success.php: Transaction committed for order ID: 7
[07-Oct-2025 10:36:09 America/Toronto] shipping.php: User not logged in
[07-Oct-2025 10:36:28 America/Toronto] shipping.php: Shipping address stored in session: {
    "name": "Dinaol Enku",
    "address": {
        "line1": "44 Mazoriya",
        "line2": "208\/Ayat",
        "city": "Us",
        "state": null,
        "postal_code": "1000",
        "country": "US"
    }
}
[07-Oct-2025 10:36:29 America/Toronto] create_session.php: Shipping address from session: {
    "name": "Dinaol Enku",
    "address": {
        "line1": "44 Mazoriya",
        "line2": "208\/Ayat",
        "city": "Us",
        "state": null,
        "postal_code": "1000",
        "country": "US"
    }
}
[07-Oct-2025 10:36:29 America/Toronto] create_session.php: Checkout Session created with ID: cs_test_a1x3cHhqGG0pxcPUJSXwB03Kgmu4p5j6EH8key1zPScBKckbMTCfrPnAFh | Shipping address collection: disabled
[07-Oct-2025 10:37:48 America/Toronto] success.php: Stripe Session Data: {
    "id": "cs_test_a1x3cHhqGG0pxcPUJSXwB03Kgmu4p5j6EH8key1zPScBKckbMTCfrPnAFh",
    "object": "checkout.session",
    "adaptive_pricing": {
        "enabled": true
    },
    "after_expiration": null,
    "allow_promotion_codes": null,
    "amount_subtotal": 5200,
    "amount_total": 5200,
    "automatic_tax": {
        "enabled": false,
        "liability": null,
        "provider": null,
        "status": null
    },
    "billing_address_collection": "required",
    "branding_settings": {
        "background_color": "#ffffff",
        "border_style": "rounded",
        "button_color": "#0074d4",
        "display_name": "New business sandbox",
        "font_family": "default",
        "icon": null,
        "logo": null
    },
    "cancel_url": "https:\/\/elite.kalonoid.com\/cart.php",
    "client_reference_id": null,
    "client_secret": null,
    "collected_information": {
        "business_name": null,
        "individual_name": null,
        "shipping_details": null
    },
    "consent": null,
    "consent_collection": null,
    "created": 1759847789,
    "currency": "usd",
    "currency_conversion": null,
    "custom_fields": [],
    "custom_text": {
        "after_submit": null,
        "shipping_address": null,
        "submit": null,
        "terms_of_service_acceptance": null
    },
    "customer": null,
    "customer_creation": "if_required",
    "customer_details": {
        "address": {
            "city": "Us",
            "country": "ET",
            "line1": "44 Mazoriya",
            "line2": "208\/Ayat",
            "postal_code": "1000",
            "state": null
        },
        "business_name": null,
        "email": "hirutassefa1166@gmail.com",
        "individual_name": null,
        "name": "Dinaol Enku",
        "phone": null,
        "tax_exempt": "none",
        "tax_ids": []
    },
    "customer_email": "hirutassefa1166@gmail.com",
    "discounts": [],
    "expires_at": 1759934189,
    "invoice": null,
    "invoice_creation": {
        "enabled": false,
        "invoice_data": {
            "account_tax_ids": null,
            "custom_fields": null,
            "description": null,
            "footer": null,
            "issuer": null,
            "metadata": [],
            "rendering_options": null
        }
    },
    "livemode": false,
    "locale": null,
    "metadata": [],
    "mode": "payment",
    "origin_context": null,
    "payment_intent": "pi_3SFc1M2NRh8PlH5z0HKkXY6I",
    "payment_link": null,
    "payment_method_collection": "if_required",
    "payment_method_configuration_details": null,
    "payment_method_options": {
        "card": {
            "request_three_d_secure": "automatic"
        }
    },
    "payment_method_types": [
        "card"
    ],
    "payment_status": "paid",
    "permissions": null,
    "phone_number_collection": {
        "enabled": false
    },
    "recovered_from": null,
    "saved_payment_method_options": null,
    "setup_intent": null,
    "shipping_address_collection": null,
    "shipping_cost": null,
    "shipping_options": [],
    "status": "complete",
    "submit_type": null,
    "subscription": null,
    "success_url": "https:\/\/elite.kalonoid.com\/success.php?session_id={CHECKOUT_SESSION_ID}",
    "total_details": {
        "amount_discount": 0,
        "amount_shipping": 0,
        "amount_tax": 0
    },
    "ui_mode": "hosted",
    "url": null,
    "wallet_options": null
}
[07-Oct-2025 10:37:48 America/Toronto] success.php: Shipping Address from Session: {
    "name": "Dinaol Enku",
    "address": {
        "line1": "44 Mazoriya",
        "line2": "208\/Ayat",
        "city": "Us",
        "state": null,
        "postal_code": "1000",
        "country": "US"
    }
}
[07-Oct-2025 10:37:48 America/Toronto] success.php: Order inserted with ID: 8
[07-Oct-2025 10:37:48 America/Toronto] success.php: Cart and shipping address cleared from session
[07-Oct-2025 10:37:48 America/Toronto] success.php: Transaction committed for order ID: 8
[07-Oct-2025 13:20:26 America/Toronto] check_shipping_address.php: No shipping address found for user_id: 1
[07-Oct-2025 13:20:55 America/Toronto] shipping.php: Shipping address stored in session: {
    "name": "Dinaol Enku",
    "address": {
        "line1": "8 the green ste R",
        "line2": null,
        "city": "Dover County",
        "state": null,
        "postal_code": "19901",
        "country": "US"
    }
}
[07-Oct-2025 13:20:55 America/Toronto] shipping.php: Shipping address saved to database for user_id: 1
[07-Oct-2025 13:20:55 America/Toronto] create_session.php: Shipping address from session: {
    "name": "Dinaol Enku",
    "address": {
        "line1": "8 the green ste R",
        "line2": null,
        "city": "Dover County",
        "state": null,
        "postal_code": "19901",
        "country": "US"
    }
}
[07-Oct-2025 13:20:55 America/Toronto] create_session.php: Checkout Session created with ID: cs_test_b1JJUEBTdRTCriibnrYYlpZJ541fQ7uwMI832TgZOUZz3j0RialmtJjL6P | Shipping address collection: disabled
[07-Oct-2025 13:21:10 America/Toronto] success.php: Stripe Session Data: {
    "id": "cs_test_b1JJUEBTdRTCriibnrYYlpZJ541fQ7uwMI832TgZOUZz3j0RialmtJjL6P",
    "object": "checkout.session",
    "adaptive_pricing": {
        "enabled": true
    },
    "after_expiration": null,
    "allow_promotion_codes": null,
    "amount_subtotal": 7699,
    "amount_total": 7699,
    "automatic_tax": {
        "enabled": false,
        "liability": null,
        "provider": null,
        "status": null
    },
    "billing_address_collection": "required",
    "branding_settings": {
        "background_color": "#ffffff",
        "border_style": "rounded",
        "button_color": "#0074d4",
        "display_name": "New business sandbox",
        "font_family": "default",
        "icon": null,
        "logo": null
    },
    "cancel_url": "https:\/\/elite.kalonoid.com\/cart.php",
    "client_reference_id": null,
    "client_secret": null,
    "collected_information": {
        "business_name": null,
        "individual_name": null,
        "shipping_details": null
    },
    "consent": null,
    "consent_collection": null,
    "created": 1759857655,
    "currency": "usd",
    "currency_conversion": null,
    "custom_fields": [],
    "custom_text": {
        "after_submit": null,
        "shipping_address": null,
        "submit": null,
        "terms_of_service_acceptance": null
    },
    "customer": null,
    "customer_creation": "if_required",
    "customer_details": {
        "address": {
            "city": "Us",
            "country": "ET",
            "line1": "44 Mazoriya",
            "line2": "208\/Ayat",
            "postal_code": "1000",
            "state": null
        },
        "business_name": null,
        "email": "dinaolenku@gmail.com",
        "individual_name": null,
        "name": "Dinaol Enku",
        "phone": null,
        "tax_exempt": "none",
        "tax_ids": []
    },
    "customer_email": "dinaolenku@gmail.com",
    "discounts": [],
    "expires_at": 1759944055,
    "invoice": null,
    "invoice_creation": {
        "enabled": false,
        "invoice_data": {
            "account_tax_ids": null,
            "custom_fields": null,
            "description": null,
            "footer": null,
            "issuer": null,
            "metadata": [],
            "rendering_options": null
        }
    },
    "livemode": false,
    "locale": null,
    "metadata": [],
    "mode": "payment",
    "origin_context": null,
    "payment_intent": "pi_3SFeZT2NRh8PlH5z1AJO1TcP",
    "payment_link": null,
    "payment_method_collection": "if_required",
    "payment_method_configuration_details": null,
    "payment_method_options": {
        "card": {
            "request_three_d_secure": "automatic"
        }
    },
    "payment_method_types": [
        "card"
    ],
    "payment_status": "paid",
    "permissions": null,
    "phone_number_collection": {
        "enabled": false
    },
    "recovered_from": null,
    "saved_payment_method_options": null,
    "setup_intent": null,
    "shipping_address_collection": null,
    "shipping_cost": null,
    "shipping_options": [],
    "status": "complete",
    "submit_type": null,
    "subscription": null,
    "success_url": "https:\/\/elite.kalonoid.com\/success.php?session_id={CHECKOUT_SESSION_ID}",
    "total_details": {
        "amount_discount": 0,
        "amount_shipping": 0,
        "amount_tax": 0
    },
    "ui_mode": "hosted",
    "url": null,
    "wallet_options": null
}
[07-Oct-2025 13:21:10 America/Toronto] success.php: Shipping Address from Session: {
    "name": "Dinaol Enku",
    "address": {
        "line1": "8 the green ste R",
        "line2": null,
        "city": "Dover County",
        "state": null,
        "postal_code": "19901",
        "country": "US"
    }
}
[07-Oct-2025 13:21:10 America/Toronto] success.php: Order inserted with ID: 9
[07-Oct-2025 13:21:10 America/Toronto] success.php: Cart and shipping address cleared from session
[07-Oct-2025 13:21:10 America/Toronto] success.php: Transaction committed for order ID: 9
[07-Oct-2025 13:21:31 America/Toronto] check_shipping_address.php: Shipping address found and stored in session for user_id: 1
[07-Oct-2025 13:21:31 America/Toronto] create_session.php: Shipping address from session: {
    "name": "Dinaol Enku",
    "address": {
        "line1": "8 the green ste R",
        "line2": null,
        "city": "Dover County",
        "state": null,
        "postal_code": "19901",
        "country": "US"
    }
}
[07-Oct-2025 13:21:31 America/Toronto] create_session.php: Checkout Session created with ID: cs_test_b1zXH0JfQXN7qoVrdKAiJaopEE0rIEDMS80EzhiexPtQ3RXYAq2Q3ICK6i | Shipping address collection: disabled
[07-Oct-2025 13:22:06 America/Toronto] success.php: Stripe Session Data: {
    "id": "cs_test_b1zXH0JfQXN7qoVrdKAiJaopEE0rIEDMS80EzhiexPtQ3RXYAq2Q3ICK6i",
    "object": "checkout.session",
    "adaptive_pricing": {
        "enabled": true
    },
    "after_expiration": null,
    "allow_promotion_codes": null,
    "amount_subtotal": 7699,
    "amount_total": 7699,
    "automatic_tax": {
        "enabled": false,
        "liability": null,
        "provider": null,
        "status": null
    },
    "billing_address_collection": "required",
    "branding_settings": {
        "background_color": "#ffffff",
        "border_style": "rounded",
        "button_color": "#0074d4",
        "display_name": "New business sandbox",
        "font_family": "default",
        "icon": null,
        "logo": null
    },
    "cancel_url": "https:\/\/elite.kalonoid.com\/cart.php",
    "client_reference_id": null,
    "client_secret": null,
    "collected_information": {
        "business_name": null,
        "individual_name": null,
        "shipping_details": null
    },
    "consent": null,
    "consent_collection": null,
    "created": 1759857691,
    "currency": "usd",
    "currency_conversion": null,
    "custom_fields": [],
    "custom_text": {
        "after_submit": null,
        "shipping_address": null,
        "submit": null,
        "terms_of_service_acceptance": null
    },
    "customer": null,
    "customer_creation": "if_required",
    "customer_details": {
        "address": {
            "city": "Us",
            "country": "ET",
            "line1": "44 Mazoriya",
            "line2": "208\/Ayat",
            "postal_code": "1000",
            "state": null
        },
        "business_name": null,
        "email": "dinaolenku@gmail.com",
        "individual_name": null,
        "name": "Dinaol Enku",
        "phone": null,
        "tax_exempt": "none",
        "tax_ids": []
    },
    "customer_email": "dinaolenku@gmail.com",
    "discounts": [],
    "expires_at": 1759944091,
    "invoice": null,
    "invoice_creation": {
        "enabled": false,
        "invoice_data": {
            "account_tax_ids": null,
            "custom_fields": null,
            "description": null,
            "footer": null,
            "issuer": null,
            "metadata": [],
            "rendering_options": null
        }
    },
    "livemode": false,
    "locale": null,
    "metadata": [],
    "mode": "payment",
    "origin_context": null,
    "payment_intent": "pi_3SFeaN2NRh8PlH5z0PaxrbuB",
    "payment_link": null,
    "payment_method_collection": "if_required",
    "payment_method_configuration_details": null,
    "payment_method_options": {
        "card": {
            "request_three_d_secure": "automatic"
        }
    },
    "payment_method_types": [
        "card"
    ],
    "payment_status": "paid",
    "permissions": null,
    "phone_number_collection": {
        "enabled": false
    },
    "recovered_from": null,
    "saved_payment_method_options": null,
    "setup_intent": null,
    "shipping_address_collection": null,
    "shipping_cost": null,
    "shipping_options": [],
    "status": "complete",
    "submit_type": null,
    "subscription": null,
    "success_url": "https:\/\/elite.kalonoid.com\/success.php?session_id={CHECKOUT_SESSION_ID}",
    "total_details": {
        "amount_discount": 0,
        "amount_shipping": 0,
        "amount_tax": 0
    },
    "ui_mode": "hosted",
    "url": null,
    "wallet_options": null
}
[07-Oct-2025 13:22:06 America/Toronto] success.php: Shipping Address from Session: {
    "name": "Dinaol Enku",
    "address": {
        "line1": "8 the green ste R",
        "line2": null,
        "city": "Dover County",
        "state": null,
        "postal_code": "19901",
        "country": "US"
    }
}
[07-Oct-2025 13:22:06 America/Toronto] success.php: Order inserted with ID: 10
[07-Oct-2025 13:22:06 America/Toronto] success.php: Cart and shipping address cleared from session
[07-Oct-2025 13:22:06 America/Toronto] success.php: Transaction committed for order ID: 10
[07-Oct-2025 14:22:58 America/Toronto] check_shipping_address.php: No shipping address found for user_id: 2
[07-Oct-2025 14:23:10 America/Toronto] shipping.php: Shipping address stored in session: {
    "name": "Dinaol Enku",
    "address": {
        "line1": "16192 Coastal Highway",
        "line2": null,
        "city": "Lewes",
        "state": "DE",
        "postal_code": "19958",
        "country": "US"
    }
}
[07-Oct-2025 14:23:10 America/Toronto] shipping.php: Shipping address saved to database for user_id: 2
[07-Oct-2025 14:23:50 America/Toronto] handle_payment.php: Invalid signature - No signatures found matching the expected signature for payload
[07-Oct-2025 14:23:51 America/Toronto] handle_payment.php: Invalid signature - No signatures found matching the expected signature for payload
[07-Oct-2025 14:23:51 America/Toronto] handle_payment.php: Invalid signature - No signatures found matching the expected signature for payload
[07-Oct-2025 14:23:51 America/Toronto] handle_payment.php: Invalid signature - No signatures found matching the expected signature for payload
[07-Oct-2025 14:23:53 America/Toronto] handle_payment.php: Invalid signature - No signatures found matching the expected signature for payload
[07-Oct-2025 14:24:03 America/Toronto] success.php: Stripe Session Data: {
    "id": "cs_test_a1PoEiRXkniXwqzsJ6qZrisYQxNYyGMCqbSP29fO8hAAbnW69h3ZrXZVS3",
    "object": "checkout.session",
    "adaptive_pricing": {
        "enabled": true
    },
    "after_expiration": null,
    "allow_promotion_codes": null,
    "amount_subtotal": 2500,
    "amount_total": 2500,
    "automatic_tax": {
        "enabled": false,
        "liability": null,
        "provider": null,
        "status": null
    },
    "billing_address_collection": null,
    "branding_settings": {
        "background_color": "#ffffff",
        "border_style": "rounded",
        "button_color": "#0074d4",
        "display_name": "New business sandbox",
        "font_family": "default",
        "icon": null,
        "logo": null
    },
    "cancel_url": "https:\/\/elite.kalonoid.com\/cart.php",
    "client_reference_id": null,
    "client_secret": null,
    "collected_information": {
        "business_name": null,
        "individual_name": null,
        "shipping_details": {
            "address": {
                "city": "Lewes",
                "country": "US",
                "line1": "16192 Coastal Highway",
                "line2": null,
                "postal_code": "19958",
                "state": "DE"
            },
            "name": "Dinaol Enku"
        }
    },
    "consent": null,
    "consent_collection": null,
    "created": 1759861391,
    "currency": "usd",
    "currency_conversion": null,
    "custom_fields": [],
    "custom_text": {
        "after_submit": null,
        "shipping_address": null,
        "submit": null,
        "terms_of_service_acceptance": null
    },
    "customer": null,
    "customer_creation": "if_required",
    "customer_details": {
        "address": {
            "city": "Us",
            "country": "ET",
            "line1": "44 Mazoriya",
            "line2": "208\/Ayat",
            "postal_code": "1000",
            "state": null
        },
        "business_name": null,
        "email": "dinaolenku@gmail.com",
        "individual_name": null,
        "name": "Dinaol Enku",
        "phone": null,
        "tax_exempt": "none",
        "tax_ids": []
    },
    "customer_email": null,
    "discounts": [],
    "expires_at": 1759947791,
    "invoice": null,
    "invoice_creation": {
        "enabled": false,
        "invoice_data": {
            "account_tax_ids": null,
            "custom_fields": null,
            "description": null,
            "footer": null,
            "issuer": null,
            "metadata": [],
            "rendering_options": null
        }
    },
    "livemode": false,
    "locale": null,
    "metadata": {
        "order_id": "11"
    },
    "mode": "payment",
    "origin_context": null,
    "payment_intent": "pi_3SFfY92NRh8PlH5z0hsh5YJ9",
    "payment_link": null,
    "payment_method_collection": "if_required",
    "payment_method_configuration_details": null,
    "payment_method_options": {
        "card": {
            "request_three_d_secure": "automatic"
        }
    },
    "payment_method_types": [
        "card"
    ],
    "payment_status": "paid",
    "permissions": null,
    "phone_number_collection": {
        "enabled": false
    },
    "recovered_from": null,
    "saved_payment_method_options": null,
    "setup_intent": null,
    "shipping_address_collection": {
        "allowed_countries": [
            "US",
            "GR"
        ]
    },
    "shipping_cost": null,
    "shipping_options": [],
    "status": "complete",
    "submit_type": null,
    "subscription": null,
    "success_url": "https:\/\/elite.kalonoid.com\/success.php?session_id={CHECKOUT_SESSION_ID}",
    "total_details": {
        "amount_discount": 0,
        "amount_shipping": 0,
        "amount_tax": 0
    },
    "ui_mode": "hosted",
    "url": null,
    "wallet_options": null
}
[07-Oct-2025 14:24:03 America/Toronto] success.php: Shipping Address from Session: {
    "name": "Dinaol Enku",
    "address": {
        "line1": "16192 Coastal Highway",
        "line2": null,
        "city": "Lewes",
        "state": "DE",
        "postal_code": "19958",
        "country": "US"
    }
}
[07-Oct-2025 14:24:03 America/Toronto] success.php: Order inserted with ID: 12
[07-Oct-2025 14:24:03 America/Toronto] success.php: Cart and shipping address cleared from session
[07-Oct-2025 14:24:03 America/Toronto] success.php: Transaction committed for order ID: 12
[07-Oct-2025 14:24:07 America/Toronto] handle_payment.php: Invalid signature - No signatures found matching the expected signature for payload
[07-Oct-2025 14:28:22 America/Toronto] check_shipping_address.php: Shipping address found and stored in session for user_id: 2
[07-Oct-2025 14:29:06 America/Toronto] handle_payment.php: Invalid signature - No signatures found matching the expected signature for payload
[07-Oct-2025 14:29:06 America/Toronto] handle_payment.php: Invalid signature - No signatures found matching the expected signature for payload
[07-Oct-2025 14:29:06 America/Toronto] handle_payment.php: Invalid signature - No signatures found matching the expected signature for payload
[07-Oct-2025 14:53:09 America/Toronto] handle_payment.php: Invalid signature - No signatures found matching the expected signature for payload
[07-Oct-2025 14:53:09 America/Toronto] handle_payment.php: Invalid signature - No signatures found matching the expected signature for payload
[07-Oct-2025 14:53:10 America/Toronto] handle_payment.php: Invalid signature - No signatures found matching the expected signature for payload
[07-Oct-2025 14:53:12 America/Toronto] handle_payment.php: Invalid signature - No signatures found matching the expected signature for payload
[07-Oct-2025 14:53:23 America/Toronto] success.php: Stripe Session Data: {
    "id": "cs_test_a1UYCwHW0A6jxjwnmT5QXwyteh27Py3gtu2GBH6LaTrIdNmm3zAvZJ1aH5",
    "object": "checkout.session",
    "adaptive_pricing": {
        "enabled": true
    },
    "after_expiration": null,
    "allow_promotion_codes": null,
    "amount_subtotal": 2500,
    "amount_total": 2500,
    "automatic_tax": {
        "enabled": false,
        "liability": null,
        "provider": null,
        "status": null
    },
    "billing_address_collection": null,
    "branding_settings": {
        "background_color": "#ffffff",
        "border_style": "rounded",
        "button_color": "#0074d4",
        "display_name": "New business sandbox",
        "font_family": "default",
        "icon": null,
        "logo": null
    },
    "cancel_url": "https:\/\/elite.kalonoid.com\/cart.php",
    "client_reference_id": null,
    "client_secret": null,
    "collected_information": {
        "business_name": null,
        "individual_name": null,
        "shipping_details": {
            "address": {
                "city": "Lewes",
                "country": "US",
                "line1": "16192 Coastal Highway",
                "line2": null,
                "postal_code": "19958",
                "state": "DE"
            },
            "name": "Dinaol Enku"
        }
    },
    "consent": null,
    "consent_collection": null,
    "created": 1759861704,
    "currency": "usd",
    "currency_conversion": null,
    "custom_fields": [],
    "custom_text": {
        "after_submit": null,
        "shipping_address": null,
        "submit": null,
        "terms_of_service_acceptance": null
    },
    "customer": null,
    "customer_creation": "if_required",
    "customer_details": {
        "address": {
            "city": "Lewes",
            "country": "US",
            "line1": "16192 Coastal Highway",
            "line2": null,
            "postal_code": "19958",
            "state": "DE"
        },
        "business_name": null,
        "email": "dinaolenku@gmail.com",
        "individual_name": null,
        "name": "Dinaol Enku",
        "phone": null,
        "tax_exempt": "none",
        "tax_ids": []
    },
    "customer_email": null,
    "discounts": [],
    "expires_at": 1759948104,
    "invoice": null,
    "invoice_creation": {
        "enabled": false,
        "invoice_data": {
            "account_tax_ids": null,
            "custom_fields": null,
            "description": null,
            "footer": null,
            "issuer": null,
            "metadata": [],
            "rendering_options": null
        }
    },
    "livemode": false,
    "locale": null,
    "metadata": {
        "order_id": "13"
    },
    "mode": "payment",
    "origin_context": null,
    "payment_intent": "pi_3SFfdF2NRh8PlH5z0SNXSPgC",
    "payment_link": null,
    "payment_method_collection": "if_required",
    "payment_method_configuration_details": null,
    "payment_method_options": {
        "card": {
            "request_three_d_secure": "automatic"
        }
    },
    "payment_method_types": [
        "card"
    ],
    "payment_status": "paid",
    "permissions": null,
    "phone_number_collection": {
        "enabled": false
    },
    "recovered_from": null,
    "saved_payment_method_options": null,
    "setup_intent": null,
    "shipping_address_collection": {
        "allowed_countries": [
            "US",
            "GR"
        ]
    },
    "shipping_cost": null,
    "shipping_options": [],
    "status": "complete",
    "submit_type": null,
    "subscription": null,
    "success_url": "https:\/\/elite.kalonoid.com\/success.php?session_id={CHECKOUT_SESSION_ID}",
    "total_details": {
        "amount_discount": 0,
        "amount_shipping": 0,
        "amount_tax": 0
    },
    "ui_mode": "hosted",
    "url": null,
    "wallet_options": null
}
[07-Oct-2025 14:53:23 America/Toronto] success.php: Shipping Address from Session: {
    "name": "Dinaol Enku",
    "address": {
        "line1": "16192 Coastal Highway",
        "line2": null,
        "city": "Lewes",
        "state": "DE",
        "postal_code": "19958",
        "country": "US"
    }
}
[07-Oct-2025 14:53:23 America/Toronto] success.php: Order inserted with ID: 14
[07-Oct-2025 14:53:23 America/Toronto] success.php: Cart and shipping address cleared from session
[07-Oct-2025 14:53:23 America/Toronto] success.php: Transaction committed for order ID: 14
[07-Oct-2025 14:58:22 America/Toronto] check_shipping_address.php: No shipping address found for user_id: 7
[07-Oct-2025 14:58:40 America/Toronto] shipping.php: Shipping address stored in session: {
    "name": "Dinaol Enku",
    "address": {
        "line1": "16192 Coastal Highway",
        "line2": "208\/Ayat",
        "city": "Lewes",
        "state": null,
        "postal_code": "19958",
        "country": "US"
    }
}
[07-Oct-2025 14:58:40 America/Toronto] shipping.php: Shipping address saved to database for user_id: 7
[07-Oct-2025 14:58:53 America/Toronto] handle_payment.php: Invalid signature - No signatures found matching the expected signature for payload
[07-Oct-2025 14:58:53 America/Toronto] handle_payment.php: Invalid signature - No signatures found matching the expected signature for payload
[07-Oct-2025 14:58:53 America/Toronto] handle_payment.php: Invalid signature - No signatures found matching the expected signature for payload
[07-Oct-2025 14:58:53 America/Toronto] handle_payment.php: Invalid signature - No signatures found matching the expected signature for payload
[07-Oct-2025 14:58:55 America/Toronto] handle_payment.php: Invalid signature - No signatures found matching the expected signature for payload
[07-Oct-2025 14:59:05 America/Toronto] success.php: Stripe Session Data: {
    "id": "cs_test_a1Vg059W4mIohUoOYgFv9lMLsxhdKQDVVzclzk6hNRHGIv70j1lstd46D2",
    "object": "checkout.session",
    "adaptive_pricing": {
        "enabled": true
    },
    "after_expiration": null,
    "allow_promotion_codes": null,
    "amount_subtotal": 5000,
    "amount_total": 5000,
    "automatic_tax": {
        "enabled": false,
        "liability": null,
        "provider": null,
        "status": null
    },
    "billing_address_collection": null,
    "branding_settings": {
        "background_color": "#ffffff",
        "border_style": "rounded",
        "button_color": "#0074d4",
        "display_name": "New business sandbox",
        "font_family": "default",
        "icon": null,
        "logo": null
    },
    "cancel_url": "https:\/\/elite.kalonoid.com\/cart.php",
    "client_reference_id": null,
    "client_secret": null,
    "collected_information": {
        "business_name": null,
        "individual_name": null,
        "shipping_details": {
            "address": {
                "city": "Lewes",
                "country": "US",
                "line1": "16192 Coastal Highway",
                "line2": null,
                "postal_code": "19958",
                "state": "DE"
            },
            "name": "Dinaol Enku"
        }
    },
    "consent": null,
    "consent_collection": null,
    "created": 1759863520,
    "currency": "usd",
    "currency_conversion": null,
    "custom_fields": [],
    "custom_text": {
        "after_submit": null,
        "shipping_address": null,
        "submit": null,
        "terms_of_service_acceptance": null
    },
    "customer": null,
    "customer_creation": "if_required",
    "customer_details": {
        "address": {
            "city": "Lewes",
            "country": "US",
            "line1": "16192 Coastal Highway",
            "line2": null,
            "postal_code": "19958",
            "state": "DE"
        },
        "business_name": null,
        "email": "dinaolenku@gmail.com",
        "individual_name": null,
        "name": "Dinaol Enku",
        "phone": null,
        "tax_exempt": "none",
        "tax_ids": []
    },
    "customer_email": null,
    "discounts": [],
    "expires_at": 1759949920,
    "invoice": null,
    "invoice_creation": {
        "enabled": false,
        "invoice_data": {
            "account_tax_ids": null,
            "custom_fields": null,
            "description": null,
            "footer": null,
            "issuer": null,
            "metadata": [],
            "rendering_options": null
        }
    },
    "livemode": false,
    "locale": null,
    "metadata": {
        "order_id": "15"
    },
    "mode": "payment",
    "origin_context": null,
    "payment_intent": "pi_3SFg642NRh8PlH5z1AC7QwtI",
    "payment_link": null,
    "payment_method_collection": "if_required",
    "payment_method_configuration_details": null,
    "payment_method_options": {
        "card": {
            "request_three_d_secure": "automatic"
        }
    },
    "payment_method_types": [
        "card"
    ],
    "payment_status": "paid",
    "permissions": null,
    "phone_number_collection": {
        "enabled": false
    },
    "recovered_from": null,
    "saved_payment_method_options": null,
    "setup_intent": null,
    "shipping_address_collection": {
        "allowed_countries": [
            "US",
            "GR"
        ]
    },
    "shipping_cost": null,
    "shipping_options": [],
    "status": "complete",
    "submit_type": null,
    "subscription": null,
    "success_url": "https:\/\/elite.kalonoid.com\/success.php?session_id={CHECKOUT_SESSION_ID}",
    "total_details": {
        "amount_discount": 0,
        "amount_shipping": 0,
        "amount_tax": 0
    },
    "ui_mode": "hosted",
    "url": null,
    "wallet_options": null
}
[07-Oct-2025 14:59:05 America/Toronto] success.php: Shipping Address from Session: {
    "name": "Dinaol Enku",
    "address": {
        "line1": "16192 Coastal Highway",
        "line2": "208\/Ayat",
        "city": "Lewes",
        "state": null,
        "postal_code": "19958",
        "country": "US"
    }
}
[07-Oct-2025 14:59:05 America/Toronto] success.php: Order inserted with ID: 16
[07-Oct-2025 14:59:05 America/Toronto] success.php: Cart and shipping address cleared from session
[07-Oct-2025 14:59:05 America/Toronto] success.php: Transaction committed for order ID: 16
[07-Oct-2025 15:11:29 America/Toronto] check_shipping_address.php: Shipping address found and stored in session for user_id: 7
[07-Oct-2025 15:11:37 America/Toronto] handle_payment.php: Received webhook - Payload length: 4147, Signature: t=1759864297,v1=9c3b95a4dab3367b33f615233a9ca99e1a9b2cfe0a5fa175d902e58934f17ed9,v0=a29bc4348002d450da826ad0961eca086c7a5e1cfbd0218b84b32eb1b4ca992a
[07-Oct-2025 15:11:37 America/Toronto] handle_payment.php: Invalid signature - No signatures found matching the expected signature for payload | Expected secret: whsec_EhVH...
[07-Oct-2025 15:11:37 America/Toronto] handle_payment.php: Received webhook - Payload length: 2267, Signature: t=1759864297,v1=b26599fa2b57a63cb0fb7d64226221b6a18fd1857cf18a9de8b863bcfe669432,v0=5b4227a978d84a256d44d09d29f17b42192c5e0bdb3324dac7332020bbd63b73
[07-Oct-2025 15:11:37 America/Toronto] handle_payment.php: Invalid signature - No signatures found matching the expected signature for payload | Expected secret: whsec_EhVH...
[07-Oct-2025 15:11:38 America/Toronto] handle_payment.php: Received webhook - Payload length: 4182, Signature: t=1759864297,v1=b15e8cc877699894f4fb0956c1dad6eae9f39f39f88d5d26974e6c911f0bef83,v0=d5e9cb9ca0759c3d745361e3ebe7c2cb2fd592f901c8ed0eb6b61c642ad8d442
[07-Oct-2025 15:11:38 America/Toronto] handle_payment.php: Invalid signature - No signatures found matching the expected signature for payload | Expected secret: whsec_EhVH...
[07-Oct-2025 15:11:38 America/Toronto] handle_payment.php: Received webhook - Payload length: 1897, Signature: t=1759864297,v1=ca12d131908e59447badc7155b9f9dc5c4050bf0665f6cf947d0584c740e56e8,v0=67a7eff1044b85fbf015ad978fa7df58df58d69e2e12d6de66246becf343abfc
[07-Oct-2025 15:11:38 America/Toronto] handle_payment.php: Invalid signature - No signatures found matching the expected signature for payload | Expected secret: whsec_EhVH...
[07-Oct-2025 15:11:40 America/Toronto] handle_payment.php: Received webhook - Payload length: 4388, Signature: t=1759864300,v1=34679aa9bb75c5cc1139d5a37d622c8f21dd3b7ee836ed6c80d31a3ac4395005,v0=311e8ae0eb5f92c91723bb4f2919c1e1a93384bebd3a84f496ebc07899da9fae
[07-Oct-2025 15:11:40 America/Toronto] handle_payment.php: Invalid signature - No signatures found matching the expected signature for payload | Expected secret: whsec_EhVH...
[07-Oct-2025 15:11:49 America/Toronto] success.php: Stripe Session Data: {
    "id": "cs_test_a1XkLghzF1mNBAomO3bvbzEJUJcQFzV6cokmWR6FLJ6ApM1OGwlfnY2TIi",
    "object": "checkout.session",
    "adaptive_pricing": {
        "enabled": true
    },
    "after_expiration": null,
    "allow_promotion_codes": null,
    "amount_subtotal": 2500,
    "amount_total": 2500,
    "automatic_tax": {
        "enabled": false,
        "liability": null,
        "provider": null,
        "status": null
    },
    "billing_address_collection": null,
    "branding_settings": {
        "background_color": "#ffffff",
        "border_style": "rounded",
        "button_color": "#0074d4",
        "display_name": "New business sandbox",
        "font_family": "default",
        "icon": null,
        "logo": null
    },
    "cancel_url": "https:\/\/elite.kalonoid.com\/cart.php",
    "client_reference_id": null,
    "client_secret": null,
    "collected_information": {
        "business_name": null,
        "individual_name": null,
        "shipping_details": {
            "address": {
                "city": "Lewes",
                "country": "US",
                "line1": "16192 Coastal Highway",
                "line2": null,
                "postal_code": "19958",
                "state": "DE"
            },
            "name": "Dinaol Enku"
        }
    },
    "consent": null,
    "consent_collection": null,
    "created": 1759864289,
    "currency": "usd",
    "currency_conversion": null,
    "custom_fields": [],
    "custom_text": {
        "after_submit": null,
        "shipping_address": null,
        "submit": null,
        "terms_of_service_acceptance": null
    },
    "customer": null,
    "customer_creation": "if_required",
    "customer_details": {
        "address": {
            "city": "Lewes",
            "country": "US",
            "line1": "16192 Coastal Highway",
            "line2": null,
            "postal_code": "19958",
            "state": "DE"
        },
        "business_name": null,
        "email": "dinaolenku@gmail.com",
        "individual_name": null,
        "name": "Dinaol Enku",
        "phone": null,
        "tax_exempt": "none",
        "tax_ids": []
    },
    "customer_email": null,
    "discounts": [],
    "expires_at": 1759950689,
    "invoice": null,
    "invoice_creation": {
        "enabled": false,
        "invoice_data": {
            "account_tax_ids": null,
            "custom_fields": null,
            "description": null,
            "footer": null,
            "issuer": null,
            "metadata": [],
            "rendering_options": null
        }
    },
    "livemode": false,
    "locale": null,
    "metadata": {
        "order_id": "17"
    },
    "mode": "payment",
    "origin_context": null,
    "payment_intent": "pi_3SFgIO2NRh8PlH5z15iEs6dZ",
    "payment_link": null,
    "payment_method_collection": "if_required",
    "payment_method_configuration_details": null,
    "payment_method_options": {
        "card": {
            "request_three_d_secure": "automatic"
        }
    },
    "payment_method_types": [
        "card"
    ],
    "payment_status": "paid",
    "permissions": null,
    "phone_number_collection": {
        "enabled": false
    },
    "recovered_from": null,
    "saved_payment_method_options": null,
    "setup_intent": null,
    "shipping_address_collection": {
        "allowed_countries": [
            "US",
            "GR"
        ]
    },
    "shipping_cost": null,
    "shipping_options": [],
    "status": "complete",
    "submit_type": null,
    "subscription": null,
    "success_url": "https:\/\/elite.kalonoid.com\/success.php?session_id={CHECKOUT_SESSION_ID}",
    "total_details": {
        "amount_discount": 0,
        "amount_shipping": 0,
        "amount_tax": 0
    },
    "ui_mode": "hosted",
    "url": null,
    "wallet_options": null
}
[07-Oct-2025 15:11:49 America/Toronto] success.php: Shipping Address from Session: {
    "name": "Dinaol Enku",
    "address": {
        "line1": "16192 Coastal Highway",
        "line2": "208\/Ayat",
        "city": "Lewes",
        "state": null,
        "postal_code": "19958",
        "country": "US"
    }
}
[07-Oct-2025 15:11:49 America/Toronto] success.php: Order inserted with ID: 18
[07-Oct-2025 15:11:49 America/Toronto] success.php: Cart and shipping address cleared from session
[07-Oct-2025 15:11:49 America/Toronto] success.php: Transaction committed for order ID: 18
[07-Oct-2025 15:15:17 America/Toronto] check_shipping_address.php: Shipping address found and stored in session for user_id: 7
[07-Oct-2025 15:15:26 America/Toronto] handle_payment.php: Received webhook - Payload length: 4147, Signature: t=1759864525,v1=3d4981087cefdb54febc49cc9b055de81b1499d680b1541aeb759e3e43a27571,v0=d4afc3e89b812e11943e69c6423de7d7e6bd3155dd6dd3ca442ebdda31b039ec
[07-Oct-2025 15:15:26 America/Toronto] handle_payment.php: Invalid signature - No signatures found matching the expected signature for payload | Expected secret: whsec_EhVH...
[07-Oct-2025 15:15:26 America/Toronto] handle_payment.php: Received webhook - Payload length: 2267, Signature: t=1759864525,v1=36d948c2b0a04e270ab93d527f1993e7d2ce4aad59bcbd8d258f423b91c1db21,v0=4f3bdcafbc5d7bc3c64d397e5b4b08ca7c3956998d604c6dfb76a0c8b5c1a84b
[07-Oct-2025 15:15:26 America/Toronto] handle_payment.php: Invalid signature - No signatures found matching the expected signature for payload | Expected secret: whsec_EhVH...
[07-Oct-2025 15:15:26 America/Toronto] handle_payment.php: Received webhook - Payload length: 1897, Signature: t=1759864526,v1=a5ccda06d3072e5134aab732945972462ff64f59011b489e78fcedcd05c5d565,v0=a9f313ce8740deffaf2d5db1ce08dca798963e959a9eb5769c6bb1e0f14f6c37
[07-Oct-2025 15:15:26 America/Toronto] handle_payment.php: Invalid signature - No signatures found matching the expected signature for payload | Expected secret: whsec_EhVH...
[07-Oct-2025 15:15:26 America/Toronto] handle_payment.php: Received webhook - Payload length: 4182, Signature: t=1759864526,v1=4787234efc5c8544b75ec3aadd297b25efc125324c513e24821a7a836e09e4e7,v0=b723586aa9355db2ee3e4adbd14b9e42401799144042c03b16ff793f5d340fcf
[07-Oct-2025 15:15:26 America/Toronto] handle_payment.php: Invalid signature - No signatures found matching the expected signature for payload | Expected secret: whsec_EhVH...
[07-Oct-2025 15:15:28 America/Toronto] handle_payment.php: Received webhook - Payload length: 4388, Signature: t=1759864528,v1=d5428a831460f1fae74d671ba56ef510c99290c6371d6f895528d67dce9185f9,v0=416b4d2f13f146a4d50a20fc7c9a748e3cbf91df2059dc1f548f0843c013838c
[07-Oct-2025 15:15:28 America/Toronto] handle_payment.php: Invalid signature - No signatures found matching the expected signature for payload | Expected secret: whsec_EhVH...
[07-Oct-2025 15:15:37 America/Toronto] success.php: Stripe Session Data: {
    "id": "cs_test_a1lKKSugzh4L1MZ2fwFJpwNxQummnOhm8ejytjsEGAmzlzogULZ9Tey4lJ",
    "object": "checkout.session",
    "adaptive_pricing": {
        "enabled": true
    },
    "after_expiration": null,
    "allow_promotion_codes": null,
    "amount_subtotal": 2500,
    "amount_total": 2500,
    "automatic_tax": {
        "enabled": false,
        "liability": null,
        "provider": null,
        "status": null
    },
    "billing_address_collection": null,
    "branding_settings": {
        "background_color": "#ffffff",
        "border_style": "rounded",
        "button_color": "#0074d4",
        "display_name": "New business sandbox",
        "font_family": "default",
        "icon": null,
        "logo": null
    },
    "cancel_url": "https:\/\/elite.kalonoid.com\/cart.php",
    "client_reference_id": null,
    "client_secret": null,
    "collected_information": {
        "business_name": null,
        "individual_name": null,
        "shipping_details": {
            "address": {
                "city": "Lewes",
                "country": "US",
                "line1": "16192 Coastal Highway",
                "line2": null,
                "postal_code": "19958",
                "state": "DE"
            },
            "name": "Dinaol Enku"
        }
    },
    "consent": null,
    "consent_collection": null,
    "created": 1759864518,
    "currency": "usd",
    "currency_conversion": null,
    "custom_fields": [],
    "custom_text": {
        "after_submit": null,
        "shipping_address": null,
        "submit": null,
        "terms_of_service_acceptance": null
    },
    "customer": null,
    "customer_creation": "if_required",
    "customer_details": {
        "address": {
            "city": "Lewes",
            "country": "US",
            "line1": "16192 Coastal Highway",
            "line2": null,
            "postal_code": "19958",
            "state": "DE"
        },
        "business_name": null,
        "email": "dinaolenku@gmail.com",
        "individual_name": null,
        "name": "Dinaol Enku",
        "phone": null,
        "tax_exempt": "none",
        "tax_ids": []
    },
    "customer_email": null,
    "discounts": [],
    "expires_at": 1759950918,
    "invoice": null,
    "invoice_creation": {
        "enabled": false,
        "invoice_data": {
            "account_tax_ids": null,
            "custom_fields": null,
            "description": null,
            "footer": null,
            "issuer": null,
            "metadata": [],
            "rendering_options": null
        }
    },
    "livemode": false,
    "locale": null,
    "metadata": {
        "order_id": "19"
    },
    "mode": "payment",
    "origin_context": null,
    "payment_intent": "pi_3SFgM42NRh8PlH5z0vPqWebJ",
    "payment_link": null,
    "payment_method_collection": "if_required",
    "payment_method_configuration_details": null,
    "payment_method_options": {
        "card": {
            "request_three_d_secure": "automatic"
        }
    },
    "payment_method_types": [
        "card"
    ],
    "payment_status": "paid",
    "permissions": null,
    "phone_number_collection": {
        "enabled": false
    },
    "recovered_from": null,
    "saved_payment_method_options": null,
    "setup_intent": null,
    "shipping_address_collection": {
        "allowed_countries": [
            "US",
            "GR"
        ]
    },
    "shipping_cost": null,
    "shipping_options": [],
    "status": "complete",
    "submit_type": null,
    "subscription": null,
    "success_url": "https:\/\/elite.kalonoid.com\/success.php?session_id={CHECKOUT_SESSION_ID}",
    "total_details": {
        "amount_discount": 0,
        "amount_shipping": 0,
        "amount_tax": 0
    },
    "ui_mode": "hosted",
    "url": null,
    "wallet_options": null
}
[07-Oct-2025 15:15:37 America/Toronto] success.php: Shipping Address from Session: {
    "name": "Dinaol Enku",
    "address": {
        "line1": "16192 Coastal Highway",
        "line2": "208\/Ayat",
        "city": "Lewes",
        "state": null,
        "postal_code": "19958",
        "country": "US"
    }
}
[07-Oct-2025 15:15:37 America/Toronto] success.php: Order inserted with ID: 20
[07-Oct-2025 15:15:37 America/Toronto] success.php: Cart and shipping address cleared from session
[07-Oct-2025 15:15:37 America/Toronto] success.php: Transaction committed for order ID: 20
[07-Oct-2025 15:22:43 America/Toronto] handle_payment.php: Received webhook - Payload length: 2267, Signature: t=1759864963,v1=59932bcb26402082cad71faaf384a1653088c88d5e1a2773f8ee85b5102c7b43,v0=923ebf10bcc6a534460c9db6c9363abfea33f8163ee9912ccd05abd94a79eef5
[07-Oct-2025 15:22:43 America/Toronto] handle_payment.php: Invalid signature - No signatures found matching the expected signature for payload | Expected secret: whsec_EhVH...
[07-Oct-2025 15:22:44 America/Toronto] handle_payment.php: Received webhook - Payload length: 4380, Signature: t=1759864964,v1=ee1a8194c8b459b7657c5942b03c11cd9c3f56ed61e081d14603243eafab6f09,v0=472ec6c1737ee6c88d3d373aa39a7c2254f8bc17e5f8ebdfa5d55d050ea4c9f5
[07-Oct-2025 15:22:44 America/Toronto] handle_payment.php: Invalid signature - No signatures found matching the expected signature for payload | Expected secret: whsec_EhVH...
[07-Oct-2025 15:23:06 America/Toronto] handle_payment.php: Received webhook - Payload length: 4174, Signature: t=1759864986,v1=85f77f0ebb6250bb2a92c2ba315dd16f7c98a9a6b1c2e8d1243b85c527cbd428,v0=239d592d89bbcf9265cf7c1d3c7c2ed84a47a4a90d1c1c83be136fcf159a75e8
[07-Oct-2025 15:23:06 America/Toronto] handle_payment.php: Invalid signature - No signatures found matching the expected signature for payload | Expected secret: whsec_EhVH...
[07-Oct-2025 15:23:09 America/Toronto] handle_payment.php: Received webhook - Payload length: 1897, Signature: t=1759864989,v1=75a85c4bd89fa3d1907b48627cb3117987ad562477af4b3fcf3e3bccd9277d0f,v0=2b6981147d0dfec6194d030115e4ef26a079f1d3d0eeffc0cf1ea65623d9ef42
[07-Oct-2025 15:23:09 America/Toronto] handle_payment.php: Invalid signature - No signatures found matching the expected signature for payload | Expected secret: whsec_EhVH...
[07-Oct-2025 15:24:50 America/Toronto] handle_payment.php: Received webhook - Payload length: 4139, Signature: t=1759865090,v1=366e0259a4031cba743997fa373657e532ff052a6b3bcf5b9de3dc2792d145e3,v0=7c8b7f04d099e755c3189458058f456d92b1e2ec65766316409142072393d58d
[07-Oct-2025 15:24:50 America/Toronto] handle_payment.php: Invalid signature - No signatures found matching the expected signature for payload | Expected secret: whsec_EhVH...
[07-Oct-2025 15:28:35 America/Toronto] handle_payment.php: Received webhook - Payload length: 4247, Signature: t=1759865315,v1=51c20632e404c9232d585caed777b4a527bd4be046ada15e094ae8b04a837c4c,v0=31ee0e2606ea5684890275c1e7854a1589fe507548fab0edde1b1379bb343f79
[07-Oct-2025 15:28:35 America/Toronto] handle_payment.php: Invalid signature - No signatures found matching the expected signature for payload | Expected secret: whsec_EhVH...
[07-Oct-2025 15:29:13 America/Toronto] handle_payment.php: Received webhook - Payload length: 1897, Signature: t=1759865353,v1=e04ed019b6ad206e6476b8dd67dcdbad7a1ef4ddb6597c1ac324dfd6f57a7e31,v0=e9693df32360bb5f7e8e532737befd9f97399d7f1ed6ef65f94e39983f78b485
[07-Oct-2025 15:29:13 America/Toronto] handle_payment.php: Invalid signature - No signatures found matching the expected signature for payload | Expected secret: whsec_EhVH...
[07-Oct-2025 15:29:17 America/Toronto] handle_payment.php: Received webhook - Payload length: 4096, Signature: t=1759865357,v1=86476ea7139d776f8e8f306d77c1a1328811dbf66e0848c30bcb8a3ea3619e27,v0=3cceceee3758ac50a2c6b8379823bc3f1fb1c2710dd1e472d61812ac149c2755
[07-Oct-2025 15:29:17 America/Toronto] handle_payment.php: Invalid signature - No signatures found matching the expected signature for payload | Expected secret: whsec_EhVH...
[07-Oct-2025 15:51:28 America/Toronto] check_shipping_address.php: Shipping address found and stored in session for user_id: 7
[07-Oct-2025 15:51:37 America/Toronto] handle_payment.php: Received webhook - Payload length: 4147, Signature: t=1759866696,v1=e383dae17daf1ab400f309039070aa09587964d2bba7ed0c9b265c203e121ea7,v0=699861d31557e593a13d464beecec25922727bbbcf70b03cf13b9464243f7130
[07-Oct-2025 15:51:37 America/Toronto] handle_payment.php: Webhook signature verified. Event type: charge.succeeded
[07-Oct-2025 15:51:37 America/Toronto] handle_payment.php: Unhandled event type charge.succeeded
[07-Oct-2025 15:51:37 America/Toronto] handle_payment.php: Received webhook - Payload length: 2267, Signature: t=1759866697,v1=f5aec4a73bfcbbdbf6f01e9b38b17e6bd4eb66d5498aff5102fbb6e73e89e043,v0=8c3b987dceb3c26fa573ec7682cc08fedbd3f3bb5d743c6b1b4bcc1445e0c58f
[07-Oct-2025 15:51:37 America/Toronto] handle_payment.php: Received webhook - Payload length: 1897, Signature: t=1759866697,v1=fad1c301162aefc99c9027a7581c864997875f30333c1e20603a4b90863bca72,v0=0ba9fe006424a25b821435bc5f063eaca99972fcd9da4f98d05e4d3318a62dca
[07-Oct-2025 15:51:37 America/Toronto] handle_payment.php: Webhook signature verified. Event type: payment_intent.succeeded
[07-Oct-2025 15:51:37 America/Toronto] handle_payment.php: Unhandled event type payment_intent.succeeded
[07-Oct-2025 15:51:37 America/Toronto] handle_payment.php: Received webhook - Payload length: 4182, Signature: t=1759866697,v1=56348b093489b7c9f1183f9c8aa457a3eda60c2a6e5ac1de2d4294cb7b0a3b14,v0=b7754b3494334762322cbc47c9518d3ec41ea93c1d30b2989c78a5d7b5190b99
[07-Oct-2025 15:51:37 America/Toronto] handle_payment.php: Webhook signature verified. Event type: payment_intent.created
[07-Oct-2025 15:51:37 America/Toronto] handle_payment.php: Unhandled event type payment_intent.created
[07-Oct-2025 15:51:37 America/Toronto] handle_payment.php: Webhook signature verified. Event type: checkout.session.completed
[07-Oct-2025 15:51:38 America/Toronto] send_order_email.php: User email sent for order ID 21, status: paid
[07-Oct-2025 15:51:39 America/Toronto] handle_payment.php: Received webhook - Payload length: 4388, Signature: t=1759866699,v1=4cf4c9724e01f72216c1526ac52a65409faaf1175191ac3e0f36bf196a5da336,v0=2ec5dc0a9dbc60ed74a9a666de43e9cf624b2101a282d1d38367b748523c5666
[07-Oct-2025 15:51:39 America/Toronto] handle_payment.php: Webhook signature verified. Event type: charge.updated
[07-Oct-2025 15:51:39 America/Toronto] handle_payment.php: Unhandled event type charge.updated
[07-Oct-2025 15:51:39 America/Toronto] send_order_email.php: Admin email sent for order ID 21, status: paid
[07-Oct-2025 15:51:39 America/Toronto] handle_payment.php: Success emails sent for order ID 21
[07-Oct-2025 15:51:46 America/Toronto] success.php: Stripe Session Data: {
    "id": "cs_test_a1t5AJ2iImNMu87aEzfzTzEK3mVZBgXeFg6yqaSuIxctjmG7EtEUKaIxkc",
    "object": "checkout.session",
    "adaptive_pricing": {
        "enabled": true
    },
    "after_expiration": null,
    "allow_promotion_codes": null,
    "amount_subtotal": 2500,
    "amount_total": 2500,
    "automatic_tax": {
        "enabled": false,
        "liability": null,
        "provider": null,
        "status": null
    },
    "billing_address_collection": null,
    "branding_settings": {
        "background_color": "#ffffff",
        "border_style": "rounded",
        "button_color": "#0074d4",
        "display_name": "New business sandbox",
        "font_family": "default",
        "icon": null,
        "logo": null
    },
    "cancel_url": "https:\/\/elite.kalonoid.com\/cart.php",
    "client_reference_id": null,
    "client_secret": null,
    "collected_information": {
        "business_name": null,
        "individual_name": null,
        "shipping_details": {
            "address": {
                "city": "Lewes",
                "country": "US",
                "line1": "16192 Coastal Highway",
                "line2": null,
                "postal_code": "19958",
                "state": "DE"
            },
            "name": "Dinaol Enku"
        }
    },
    "consent": null,
    "consent_collection": null,
    "created": 1759866688,
    "currency": "usd",
    "currency_conversion": null,
    "custom_fields": [],
    "custom_text": {
        "after_submit": null,
        "shipping_address": null,
        "submit": null,
        "terms_of_service_acceptance": null
    },
    "customer": null,
    "customer_creation": "if_required",
    "customer_details": {
        "address": {
            "city": "Lewes",
            "country": "US",
            "line1": "16192 Coastal Highway",
            "line2": null,
            "postal_code": "19958",
            "state": "DE"
        },
        "business_name": null,
        "email": "dinaolenku@gmail.com",
        "individual_name": null,
        "name": "Dinaol Enku",
        "phone": null,
        "tax_exempt": "none",
        "tax_ids": []
    },
    "customer_email": null,
    "discounts": [],
    "expires_at": 1759953088,
    "invoice": null,
    "invoice_creation": {
        "enabled": false,
        "invoice_data": {
            "account_tax_ids": null,
            "custom_fields": null,
            "description": null,
            "footer": null,
            "issuer": null,
            "metadata": [],
            "rendering_options": null
        }
    },
    "livemode": false,
    "locale": null,
    "metadata": {
        "order_id": "21"
    },
    "mode": "payment",
    "origin_context": null,
    "payment_intent": "pi_3SFgv52NRh8PlH5z0aLU2AkH",
    "payment_link": null,
    "payment_method_collection": "if_required",
    "payment_method_configuration_details": null,
    "payment_method_options": {
        "card": {
            "request_three_d_secure": "automatic"
        }
    },
    "payment_method_types": [
        "card"
    ],
    "payment_status": "paid",
    "permissions": null,
    "phone_number_collection": {
        "enabled": false
    },
    "recovered_from": null,
    "saved_payment_method_options": null,
    "setup_intent": null,
    "shipping_address_collection": {
        "allowed_countries": [
            "US",
            "GR"
        ]
    },
    "shipping_cost": null,
    "shipping_options": [],
    "status": "complete",
    "submit_type": null,
    "subscription": null,
    "success_url": "https:\/\/elite.kalonoid.com\/success.php?session_id={CHECKOUT_SESSION_ID}",
    "total_details": {
        "amount_discount": 0,
        "amount_shipping": 0,
        "amount_tax": 0
    },
    "ui_mode": "hosted",
    "url": null,
    "wallet_options": null
}
[07-Oct-2025 15:53:25 America/Toronto] handle_payment.php: Received webhook - Payload length: 4182, Signature: t=1759866805,v1=57b4b40a7e320201959c963fc728b709bdd9a1daefa50648924e18ef0d1f61c4,v0=fe8a8eeadfd6d944c30f5b180473dd7415d49a85de4b801277d6ade362b4c10b
[07-Oct-2025 15:53:25 America/Toronto] handle_payment.php: Webhook signature verified. Event type: checkout.session.completed
[07-Oct-2025 15:53:26 America/Toronto] send_order_email.php: User email sent for order ID 13, status: paid
[07-Oct-2025 15:53:27 America/Toronto] send_order_email.php: Admin email sent for order ID 13, status: paid
[07-Oct-2025 15:53:27 America/Toronto] handle_payment.php: Success emails sent for order ID 13
[07-Oct-2025 15:54:09 America/Toronto] handle_payment.php: Received webhook - Payload length: 4149, Signature: t=1759866849,v1=7ec77f127d2b31da517f28372f9d12fdfabfccac5d4501347fc74b230783eb0e,v0=f8b4a3cb7e92395a25dd225c13fabc7bcc35761088b2a60aafa9663e57d0ad36
[07-Oct-2025 15:54:09 America/Toronto] handle_payment.php: Webhook signature verified. Event type: charge.succeeded
[07-Oct-2025 15:54:09 America/Toronto] handle_payment.php: Unhandled event type charge.succeeded
[07-Oct-2025 15:54:12 America/Toronto] check_shipping_address.php: Shipping address found and stored in session for user_id: 7
[07-Oct-2025 15:54:19 America/Toronto] handle_payment.php: Received webhook - Payload length: 4147, Signature: t=1759866858,v1=e505d2419c37ea7177de666fe5f1474f81d99e3d1a5bd0198fac743f00f62f56,v0=38664e5bd35923d7544ccd26dd2e3c5d6c4d7c52a976a97812febf028e84ea58
[07-Oct-2025 15:54:19 America/Toronto] handle_payment.php: Webhook signature verified. Event type: charge.succeeded
[07-Oct-2025 15:54:19 America/Toronto] handle_payment.php: Unhandled event type charge.succeeded
[07-Oct-2025 15:54:19 America/Toronto] handle_payment.php: Received webhook - Payload length: 2267, Signature: t=1759866859,v1=e80c729b4a8c0ace234e36a03016cb00324691f70ac43d9ea6cad80cdd542c57,v0=68a9a480126d9aa49e822cb4792a4fb8f633a284d7ce736314781ef103557d80
[07-Oct-2025 15:54:19 America/Toronto] handle_payment.php: Webhook signature verified. Event type: payment_intent.succeeded
[07-Oct-2025 15:54:19 America/Toronto] handle_payment.php: Unhandled event type payment_intent.succeeded
[07-Oct-2025 15:54:19 America/Toronto] handle_payment.php: Received webhook - Payload length: 4182, Signature: t=1759866859,v1=41b3b107d5e31a9a5c956ca389a89e07455669707a026b570e34b62dfced8ab8,v0=056f3121b5b8412267bd256c62aa9c65f9460ddf2220de36c137cc786b171ffa
[07-Oct-2025 15:54:19 America/Toronto] handle_payment.php: Webhook signature verified. Event type: checkout.session.completed
[07-Oct-2025 15:54:19 America/Toronto] handle_payment.php: Received webhook - Payload length: 1897, Signature: t=1759866859,v1=23ea1601b81149262c08e3f6604b734b6062945330f11a2f9d1f7810a24d0dd7,v0=522e75ba5555dbc971846b0405eee7f606017500e3c513d24d9d15d0ad8e9c2e
[07-Oct-2025 15:54:19 America/Toronto] handle_payment.php: Webhook signature verified. Event type: payment_intent.created
[07-Oct-2025 15:54:19 America/Toronto] handle_payment.php: Unhandled event type payment_intent.created
[07-Oct-2025 15:54:19 America/Toronto] handle_payment.php: Received webhook - Payload length: 2267, Signature: t=1759866859,v1=9bc2919ad07efadfd7f3f73909f08ff62be52a96b2e583ed12a91ff679b91c21,v0=32c9e2a5f2742a26b5e357f335d3cc62212e9d3f0a26373b701688110f280b9a
[07-Oct-2025 15:54:19 America/Toronto] handle_payment.php: Webhook signature verified. Event type: payment_intent.succeeded
[07-Oct-2025 15:54:19 America/Toronto] handle_payment.php: Unhandled event type payment_intent.succeeded
[07-Oct-2025 15:54:19 America/Toronto] handle_payment.php: Received webhook - Payload length: 4390, Signature: t=1759866859,v1=5794f553e686dbfbb4c401e4b21cc4fd0b9776dd995dd6d8e96ff03d6c3b216a,v0=186536c1da08a097877b9495460beafb07214ef812b74af37adb36f04f13a2aa
[07-Oct-2025 15:54:19 America/Toronto] handle_payment.php: Webhook signature verified. Event type: charge.updated
[07-Oct-2025 15:54:19 America/Toronto] handle_payment.php: Unhandled event type charge.updated
[07-Oct-2025 15:54:20 America/Toronto] send_order_email.php: User email sent for order ID 22, status: paid
[07-Oct-2025 15:54:20 America/Toronto] send_order_email.php: Admin email sent for order ID 22, status: paid
[07-Oct-2025 15:54:20 America/Toronto] handle_payment.php: Success emails sent for order ID 22
[07-Oct-2025 15:54:21 America/Toronto] handle_payment.php: Received webhook - Payload length: 4388, Signature: t=1759866861,v1=60696dec1b75c6c90f22d691dd79f7c11758f20666f7a49c08eee458c24dceec,v0=55c246cf77bdd73fc3e5a945f05dcd487cbdf7c5be3dd4cb387783491cacb9cd
[07-Oct-2025 15:54:21 America/Toronto] handle_payment.php: Webhook signature verified. Event type: charge.updated
[07-Oct-2025 15:54:21 America/Toronto] handle_payment.php: Unhandled event type charge.updated
[07-Oct-2025 15:54:23 America/Toronto] success.php: Stripe Session Data: {
    "id": "cs_test_a14YqhjoLYHHQNVzWVFQ8veBmwRS2GBoObqdQWcpb1U47mCrqYZOtWxcVl",
    "object": "checkout.session",
    "adaptive_pricing": {
        "enabled": true
    },
    "after_expiration": null,
    "allow_promotion_codes": null,
    "amount_subtotal": 5200,
    "amount_total": 5200,
    "automatic_tax": {
        "enabled": false,
        "liability": null,
        "provider": null,
        "status": null
    },
    "billing_address_collection": null,
    "branding_settings": {
        "background_color": "#ffffff",
        "border_style": "rounded",
        "button_color": "#0074d4",
        "display_name": "New business sandbox",
        "font_family": "default",
        "icon": null,
        "logo": null
    },
    "cancel_url": "https:\/\/elite.kalonoid.com\/cart.php",
    "client_reference_id": null,
    "client_secret": null,
    "collected_information": {
        "business_name": null,
        "individual_name": null,
        "shipping_details": {
            "address": {
                "city": "Lewes",
                "country": "US",
                "line1": "16192 Coastal Highway",
                "line2": null,
                "postal_code": "19958",
                "state": "DE"
            },
            "name": "Dinaol Enku"
        }
    },
    "consent": null,
    "consent_collection": null,
    "created": 1759866852,
    "currency": "usd",
    "currency_conversion": null,
    "custom_fields": [],
    "custom_text": {
        "after_submit": null,
        "shipping_address": null,
        "submit": null,
        "terms_of_service_acceptance": null
    },
    "customer": null,
    "customer_creation": "if_required",
    "customer_details": {
        "address": {
            "city": "Lewes",
            "country": "US",
            "line1": "16192 Coastal Highway",
            "line2": null,
            "postal_code": "19958",
            "state": "DE"
        },
        "business_name": null,
        "email": "dinaolenku@gmail.com",
        "individual_name": null,
        "name": "Dinaol Enku",
        "phone": null,
        "tax_exempt": "none",
        "tax_ids": []
    },
    "customer_email": null,
    "discounts": [],
    "expires_at": 1759953252,
    "invoice": null,
    "invoice_creation": {
        "enabled": false,
        "invoice_data": {
            "account_tax_ids": null,
            "custom_fields": null,
            "description": null,
            "footer": null,
            "issuer": null,
            "metadata": [],
            "rendering_options": null
        }
    },
    "livemode": false,
    "locale": null,
    "metadata": {
        "order_id": "22"
    },
    "mode": "payment",
    "origin_context": null,
    "payment_intent": "pi_3SFgxh2NRh8PlH5z0l6a9hrn",
    "payment_link": null,
    "payment_method_collection": "if_required",
    "payment_method_configuration_details": null,
    "payment_method_options": {
        "card": {
            "request_three_d_secure": "automatic"
        }
    },
    "payment_method_types": [
        "card"
    ],
    "payment_status": "paid",
    "permissions": null,
    "phone_number_collection": {
        "enabled": false
    },
    "recovered_from": null,
    "saved_payment_method_options": null,
    "setup_intent": null,
    "shipping_address_collection": {
        "allowed_countries": [
            "US",
            "GR"
        ]
    },
    "shipping_cost": null,
    "shipping_options": [],
    "status": "complete",
    "submit_type": null,
    "subscription": null,
    "success_url": "https:\/\/elite.kalonoid.com\/success.php?session_id={CHECKOUT_SESSION_ID}",
    "total_details": {
        "amount_discount": 0,
        "amount_shipping": 0,
        "amount_tax": 0
    },
    "ui_mode": "hosted",
    "url": null,
    "wallet_options": null
}
[07-Oct-2025 15:57:46 America/Toronto] handle_payment.php: Received webhook - Payload length: 4388, Signature: t=1759867066,v1=1755c93347d20193bcdaf17ba7ad96801a409a42adba266f25a48df5fa876126,v0=bf10d051520ef01c467094dc2bff1d7309d741ba57847c90f236d64b559cf8c2
[07-Oct-2025 15:57:46 America/Toronto] handle_payment.php: Webhook signature verified. Event type: charge.updated
[07-Oct-2025 15:57:46 America/Toronto] handle_payment.php: Unhandled event type charge.updated
[07-Oct-2025 15:57:47 America/Toronto] handle_payment.php: Received webhook - Payload length: 2267, Signature: t=1759867067,v1=65d32e3b7334a1b11fe31419108a4d1a665380f57b20b881a21ddbfa3eb8fd91,v0=a94f33abb7068381a022ed81da01a96798216cccb061ae63f448065387788006
[07-Oct-2025 15:57:47 America/Toronto] handle_payment.php: Webhook signature verified. Event type: payment_intent.succeeded
[07-Oct-2025 15:57:47 America/Toronto] handle_payment.php: Unhandled event type payment_intent.succeeded
[07-Oct-2025 15:57:53 America/Toronto] handle_payment.php: Received webhook - Payload length: 1897, Signature: t=1759867073,v1=d834ff199b0f8fef4b328aa340e7ac7316d6c50caa2422ed318d8d4883694348,v0=61bb7f76488dfbc5a3da1b42252137187fab27296e14534527a462fa2d7e7390
[07-Oct-2025 15:57:53 America/Toronto] handle_payment.php: Webhook signature verified. Event type: payment_intent.created
[07-Oct-2025 15:57:53 America/Toronto] handle_payment.php: Unhandled event type payment_intent.created
[07-Oct-2025 15:57:55 America/Toronto] handle_payment.php: Received webhook - Payload length: 4182, Signature: t=1759867075,v1=7dba20741a17856b567c1c87f4817402e6d2bbb9c2098766f3e71600b6c9c3fe,v0=f9853a1eae2fcdbd281414a99cd9532104993804579dcb4460d5cae09ea9cae7
[07-Oct-2025 15:57:56 America/Toronto] handle_payment.php: Webhook signature verified. Event type: checkout.session.completed
[07-Oct-2025 15:57:56 America/Toronto] send_order_email.php: User email sent for order ID 15, status: paid
[07-Oct-2025 15:57:58 America/Toronto] send_order_email.php: Admin email sent for order ID 15, status: paid
[07-Oct-2025 15:57:58 America/Toronto] handle_payment.php: Success emails sent for order ID 15
[07-Oct-2025 15:59:03 America/Toronto] handle_payment.php: Received webhook - Payload length: 4147, Signature: t=1759867142,v1=9d3875321b2ebe4e5df729e055d9e9a43e525c739eb8f6bebaad12be1f95d94a,v0=2e7dee028cd03f1d2e51a88b22fc083e64c900269d3419fc942a1b06b6a9fc9e
[07-Oct-2025 15:59:03 America/Toronto] handle_payment.php: Webhook signature verified. Event type: charge.succeeded
[07-Oct-2025 15:59:03 America/Toronto] handle_payment.php: Unhandled event type charge.succeeded
[07-Oct-2025 16:05:07 America/Toronto] check_shipping_address.php: No shipping address found for user_id: 8
[07-Oct-2025 16:05:14 America/Toronto] shipping.php: User not logged in
[07-Oct-2025 16:05:14 America/Toronto] shipping.php: User not logged in
[07-Oct-2025 16:05:26 America/Toronto] shipping.php: Shipping address stored in session: {
    "name": "Dinaol Enku",
    "address": {
        "line1": "8 the green ste R",
        "line2": null,
        "city": "Dover County",
        "state": null,
        "postal_code": "19901",
        "country": "US"
    }
}
[07-Oct-2025 16:05:26 America/Toronto] shipping.php: Shipping address saved to database for user_id: 8
[07-Oct-2025 16:06:30 America/Toronto] handle_payment.php: Received webhook - Payload length: 4147, Signature: t=1759867589,v1=d46c0291e86033e438f9e91c15f9347ac415009c7a01258d837766948b1e6a40,v0=18d935933e9bdc87cadd138120f966fc730a6ff9158f205e70f040708eb7a9bb
[07-Oct-2025 16:06:30 America/Toronto] handle_payment.php: Webhook signature verified. Event type: charge.succeeded
[07-Oct-2025 16:06:30 America/Toronto] handle_payment.php: Unhandled event type charge.succeeded
[07-Oct-2025 16:06:30 America/Toronto] handle_payment.php: Received webhook - Payload length: 4182, Signature: t=1759867590,v1=23562e3b5825430fc8471876b823acfdff0255ba86d0bbf079c32bc6f432016e,v0=aef59ce5a86400e4de0312358bf83b569d93ae48b07dfca27fd4f658265027f0
[07-Oct-2025 16:06:30 America/Toronto] handle_payment.php: Webhook signature verified. Event type: checkout.session.completed
[07-Oct-2025 16:06:30 America/Toronto] handle_payment.php: Received webhook - Payload length: 2267, Signature: t=1759867589,v1=bdd50e41fa7e6c49515919db81b6583f2371166fee92d51ea7f70121c60722fb,v0=dd3fc41c5125ae49348da310b751f78cfed34ce2582c9ca87951d124d43e1dfb
[07-Oct-2025 16:06:30 America/Toronto] handle_payment.php: Webhook signature verified. Event type: payment_intent.succeeded
[07-Oct-2025 16:06:30 America/Toronto] handle_payment.php: Unhandled event type payment_intent.succeeded
[07-Oct-2025 16:06:31 America/Toronto] send_order_email.php: User email sent for order ID 23, status: paid
[07-Oct-2025 16:06:31 America/Toronto] handle_payment.php: Received webhook - Payload length: 1897, Signature: t=1759867591,v1=5908dcd1a04df9f3d7b77f2b90987c180885a739e980ba684c7755732f34fa76,v0=d959643f1bdb7c073337e4b30ea068ec09568a86e760725da461edf260366183
[07-Oct-2025 16:06:31 America/Toronto] handle_payment.php: Webhook signature verified. Event type: payment_intent.created
[07-Oct-2025 16:06:31 America/Toronto] handle_payment.php: Unhandled event type payment_intent.created
[07-Oct-2025 16:06:32 America/Toronto] send_order_email.php: Admin email sent for order ID 23, status: paid
[07-Oct-2025 16:06:32 America/Toronto] handle_payment.php: Success emails sent for order ID 23
[07-Oct-2025 16:06:32 America/Toronto] handle_payment.php: Received webhook - Payload length: 4388, Signature: t=1759867592,v1=8ecce25e2a8f43d95c3417bcfcd6fa2886337417d83a2226f7fd806c0decab30,v0=557a8a44b6bea7fce952c2bd320e4126399b141b9891a1e896deb16dc3bcd5f4
[07-Oct-2025 16:06:32 America/Toronto] handle_payment.php: Webhook signature verified. Event type: charge.updated
[07-Oct-2025 16:06:32 America/Toronto] handle_payment.php: Unhandled event type charge.updated
[07-Oct-2025 16:06:35 America/Toronto] success.php: Stripe Session Data: {
    "id": "cs_test_a1fWaZbqOH0rHjoZhqsmTekLpYQnYIbASJW0w9vMDsMEJO41S5mioiLne8",
    "object": "checkout.session",
    "adaptive_pricing": {
        "enabled": true
    },
    "after_expiration": null,
    "allow_promotion_codes": null,
    "amount_subtotal": 9800,
    "amount_total": 9800,
    "automatic_tax": {
        "enabled": false,
        "liability": null,
        "provider": null,
        "status": null
    },
    "billing_address_collection": null,
    "branding_settings": {
        "background_color": "#ffffff",
        "border_style": "rounded",
        "button_color": "#0074d4",
        "display_name": "New business sandbox",
        "font_family": "default",
        "icon": null,
        "logo": null
    },
    "cancel_url": "https:\/\/elite.kalonoid.com\/cart.php",
    "client_reference_id": null,
    "client_secret": null,
    "collected_information": {
        "business_name": null,
        "individual_name": null,
        "shipping_details": {
            "address": {
                "city": "Lewes",
                "country": "US",
                "line1": "16192 Coastal Highway",
                "line2": null,
                "postal_code": "19958",
                "state": "DE"
            },
            "name": "Dinaol Enku"
        }
    },
    "consent": null,
    "consent_collection": null,
    "created": 1759867527,
    "currency": "usd",
    "currency_conversion": null,
    "custom_fields": [],
    "custom_text": {
        "after_submit": null,
        "shipping_address": null,
        "submit": null,
        "terms_of_service_acceptance": null
    },
    "customer": null,
    "customer_creation": "if_required",
    "customer_details": {
        "address": {
            "city": "Lewes",
            "country": "US",
            "line1": "16192 Coastal Highway",
            "line2": null,
            "postal_code": "19958",
            "state": "DE"
        },
        "business_name": null,
        "email": "dinaolenku@gmail.com",
        "individual_name": null,
        "name": "Dinaol Enku",
        "phone": null,
        "tax_exempt": "none",
        "tax_ids": []
    },
    "customer_email": null,
    "discounts": [],
    "expires_at": 1759953926,
    "invoice": null,
    "invoice_creation": {
        "enabled": false,
        "invoice_data": {
            "account_tax_ids": null,
            "custom_fields": null,
            "description": null,
            "footer": null,
            "issuer": null,
            "metadata": [],
            "rendering_options": null
        }
    },
    "livemode": false,
    "locale": null,
    "metadata": {
        "order_id": "23"
    },
    "mode": "payment",
    "origin_context": null,
    "payment_intent": "pi_3SFh9U2NRh8PlH5z05lCdJG7",
    "payment_link": null,
    "payment_method_collection": "if_required",
    "payment_method_configuration_details": null,
    "payment_method_options": {
        "card": {
            "request_three_d_secure": "automatic"
        }
    },
    "payment_method_types": [
        "card"
    ],
    "payment_status": "paid",
    "permissions": null,
    "phone_number_collection": {
        "enabled": false
    },
    "recovered_from": null,
    "saved_payment_method_options": null,
    "setup_intent": null,
    "shipping_address_collection": {
        "allowed_countries": [
            "US",
            "GR"
        ]
    },
    "shipping_cost": null,
    "shipping_options": [],
    "status": "complete",
    "submit_type": null,
    "subscription": null,
    "success_url": "https:\/\/elite.kalonoid.com\/success.php?session_id={CHECKOUT_SESSION_ID}",
    "total_details": {
        "amount_discount": 0,
        "amount_shipping": 0,
        "amount_tax": 0
    },
    "ui_mode": "hosted",
    "url": null,
    "wallet_options": null
}
[07-Oct-2025 16:06:41 America/Toronto] success.php: Invalid request: user_id or session_id missing
[07-Oct-2025 16:06:42 America/Toronto] success.php: Invalid request: user_id or session_id missing
[07-Oct-2025 16:06:42 America/Toronto] success.php: Invalid request: user_id or session_id missing
[07-Oct-2025 16:10:32 America/Toronto] handle_payment.php: Received webhook - Payload length: 2267, Signature: t=1759867832,v1=1504efde5c57cbf254d277627a03cb6c1c0aefb49d1ecf938a0919614637da32,v0=8c9d80ace64234a29fac6072b9a6bc5e7169a15138c5cf04228adccf8e19b69e
[07-Oct-2025 16:10:32 America/Toronto] handle_payment.php: Webhook signature verified. Event type: payment_intent.succeeded
[07-Oct-2025 16:10:32 America/Toronto] handle_payment.php: Unhandled event type payment_intent.succeeded
[07-Oct-2025 16:10:38 America/Toronto] handle_payment.php: Received webhook - Payload length: 4388, Signature: t=1759867838,v1=76f6abe2ca539a332437c38fdb99bca43fa8cfcb5cb1571e233218e99475eea2,v0=ef61272b8d5d13d11c3e0f04c3cff7ad8c934f30f125fd0396d24d4c1c730b12
[07-Oct-2025 16:10:38 America/Toronto] handle_payment.php: Webhook signature verified. Event type: charge.updated
[07-Oct-2025 16:10:38 America/Toronto] handle_payment.php: Unhandled event type charge.updated
[07-Oct-2025 16:10:55 America/Toronto] handle_payment.php: Received webhook - Payload length: 1897, Signature: t=1759867855,v1=088025b3d8993b8761165ec7a58a30977c50ec7a703d9261012924a76c0bc274,v0=4abfdf748eefd63e955195a61a5c123bbda586656bd47df0c3a84dbb1a892560
[07-Oct-2025 16:10:55 America/Toronto] handle_payment.php: Webhook signature verified. Event type: payment_intent.created
[07-Oct-2025 16:10:55 America/Toronto] handle_payment.php: Unhandled event type payment_intent.created
[07-Oct-2025 16:11:52 America/Toronto] check_shipping_address.php: Shipping address found and stored in session for user_id: 7
[07-Oct-2025 16:12:05 America/Toronto] handle_payment.php: Received webhook - Payload length: 4147, Signature: t=1759867925,v1=5d7337496bd9eddb4fd4b4740c2abac97e19d65902e53fed5eeb7ce427e32594,v0=6a3db57a39399d51029ac810ea1bd44d77ba6f46ddbbdb1c4d462b247c244de9
[07-Oct-2025 16:12:05 America/Toronto] handle_payment.php: Webhook signature verified. Event type: charge.succeeded
[07-Oct-2025 16:12:05 America/Toronto] handle_payment.php: Unhandled event type charge.succeeded
[07-Oct-2025 16:12:11 America/Toronto] handle_payment.php: Received webhook - Payload length: 4182, Signature: t=1759867931,v1=6ece0e80c3ad8ec8304398bfa96f4326ef0a53aaa67a95d8773d2708d0ee0bfc,v0=aab00a2398886569510a1dbc5f7ad96343a64565b17aa73f59ba04656343ed28
[07-Oct-2025 16:12:11 America/Toronto] handle_payment.php: Webhook signature verified. Event type: checkout.session.completed
[07-Oct-2025 16:12:12 America/Toronto] send_order_email.php: User email sent for order ID 17, status: paid
[07-Oct-2025 16:12:13 America/Toronto] send_order_email.php: Admin email sent for order ID 17, status: paid
[07-Oct-2025 16:12:13 America/Toronto] handle_payment.php: Success emails sent for order ID 17
[07-Oct-2025 16:14:47 America/Toronto] handle_payment.php: Received webhook - Payload length: 4388, Signature: t=1759868087,v1=c3830b5b50be1e65fb78c0f01541c5f1c72bc7ee0f84e1cb279e997428d53c64,v0=27d5b39058630c1ee9d87a8ebbc335fceeb92a3c9488b95c2b0766f6e1460868
[07-Oct-2025 16:14:47 America/Toronto] handle_payment.php: Webhook signature verified. Event type: charge.updated
[07-Oct-2025 16:14:47 America/Toronto] handle_payment.php: Unhandled event type charge.updated
[07-Oct-2025 16:15:31 America/Toronto] handle_payment.php: Received webhook - Payload length: 4182, Signature: t=1759868131,v1=25007650abdf0f393afbf52e8a0c058664fd50a61c8a61defc6b8f4c9835d0a2,v0=fce105325498e97490618299ffd8c2cce3d19fcf4b7e404a7d525d19b2a09750
[07-Oct-2025 16:15:31 America/Toronto] handle_payment.php: Webhook signature verified. Event type: checkout.session.completed
[07-Oct-2025 16:15:32 America/Toronto] send_order_email.php: User email sent for order ID 19, status: paid
[07-Oct-2025 16:15:33 America/Toronto] send_order_email.php: Admin email sent for order ID 19, status: paid
[07-Oct-2025 16:15:33 America/Toronto] handle_payment.php: Success emails sent for order ID 19
[07-Oct-2025 16:15:34 America/Toronto] handle_payment.php: Received webhook - Payload length: 1897, Signature: t=1759868134,v1=c0a5182842fd2295ccf06df91f64f12bbd91d5215da48af3f4c7f46860c5a096,v0=92ef34bfe79a71fbffd1946792db424046ca1d82d0fd1c04ab7363399b0f6be9
[07-Oct-2025 16:15:34 America/Toronto] handle_payment.php: Webhook signature verified. Event type: payment_intent.created
[07-Oct-2025 16:15:34 America/Toronto] handle_payment.php: Unhandled event type payment_intent.created
[07-Oct-2025 16:15:38 America/Toronto] handle_payment.php: Received webhook - Payload length: 4147, Signature: t=1759868138,v1=5d950fb0f84324db1bf56ea33b782e33c293c4a2556fcfa1220f0abedaa4a281,v0=ad0bf9a4724701ac92c1faf208d7075cd2531245341f244061f94a668c996cd1
[07-Oct-2025 16:15:38 America/Toronto] handle_payment.php: Webhook signature verified. Event type: charge.succeeded
[07-Oct-2025 16:15:38 America/Toronto] handle_payment.php: Unhandled event type charge.succeeded
[07-Oct-2025 16:15:41 America/Toronto] handle_payment.php: Received webhook - Payload length: 2267, Signature: t=1759868141,v1=69f9e0bc4b00488010af500823147573c917a87c388b423a882f1090dcea41a5,v0=aa1d8a7cf5251c6b8aaa13d0a06436e965d82152cc30e425fc9eae155d9b7ca8
[07-Oct-2025 16:15:41 America/Toronto] handle_payment.php: Webhook signature verified. Event type: payment_intent.succeeded
[07-Oct-2025 16:15:41 America/Toronto] handle_payment.php: Unhandled event type payment_intent.succeeded
[07-Oct-2025 16:17:32 America/Toronto] handle_payment.php: Received webhook - Payload length: 4146, Signature: t=1759868252,v1=10c0a42bba3221d9188f0910b26b98fefd39ed71cabef903bc1ac94a5b10f24c,v0=51458f0fe9d7fce3282aac184d5c241ac8115838925e49fad6c02911083490df
[07-Oct-2025 16:17:32 America/Toronto] handle_payment.php: Received webhook - Payload length: 4182, Signature: t=1759868252,v1=d00a67318e032167ce0978321faeffe392be406d68c6f5bd6722134824ca3882,v0=90f1baa96738e0f10f8ff3d44af51bfd4f581d353b6537cc2a1ef21a2b503afe
[07-Oct-2025 16:17:32 America/Toronto] handle_payment.php: Received webhook - Payload length: 2267, Signature: t=1759868252,v1=f4f08e659011380c21a77b5bf15a03ed5e8adb9b18b2a5ebe0d7367769aa2330,v0=42964fb314f4f9b62e0a992e885d52c083d9347160a559e05f4cf0723679155b
[07-Oct-2025 16:17:32 America/Toronto] handle_payment.php: Received webhook - Payload length: 1897, Signature: t=1759868252,v1=403be41ca52b60f22b3ecb6ff9df0b3ffd506125b884ba0e9969d2b2eb51d8a3,v0=a609665da68c50fea37e5de87f44bc16c337a612570b4dc702d201d81b7f821d
[07-Oct-2025 16:17:32 America/Toronto] handle_payment.php: Webhook signature verified. Event type: payment_intent.succeeded
[07-Oct-2025 16:17:32 America/Toronto] handle_payment.php: Unhandled event type payment_intent.succeeded
[07-Oct-2025 16:17:32 America/Toronto] handle_payment.php: Webhook signature verified. Event type: payment_intent.created
[07-Oct-2025 16:17:32 America/Toronto] handle_payment.php: Unhandled event type payment_intent.created
[07-Oct-2025 16:17:32 America/Toronto] handle_payment.php: Webhook signature verified. Event type: checkout.session.completed
[07-Oct-2025 16:17:32 America/Toronto] handle_payment.php: Webhook signature verified. Event type: charge.succeeded
[07-Oct-2025 16:17:32 America/Toronto] handle_payment.php: Unhandled event type charge.succeeded
[07-Oct-2025 16:17:33 America/Toronto] send_order_email.php: User email sent for order ID 24, status: paid
[07-Oct-2025 16:17:34 America/Toronto] handle_payment.php: Received webhook - Payload length: 4387, Signature: t=1759868254,v1=90a6a9fffb0884732e4ade2797f4b1cf1111832d0d64859bc921002b1ae74cc7,v0=4cbd2fa72385bb8dfa99d6d2b029c0b7a3df3fedcbf9e4b838ad86f004657cb9
[07-Oct-2025 16:17:34 America/Toronto] handle_payment.php: Webhook signature verified. Event type: charge.updated
[07-Oct-2025 16:17:34 America/Toronto] handle_payment.php: Unhandled event type charge.updated
[07-Oct-2025 16:17:34 America/Toronto] send_order_email.php: Admin email sent for order ID 24, status: paid
[07-Oct-2025 16:17:34 America/Toronto] handle_payment.php: Success emails sent for order ID 24
[07-Oct-2025 16:17:39 America/Toronto] success.php: Stripe Session Data: {
    "id": "cs_test_a1eDuyNf8wruuSt8x5vMRW20uywPR3wBexhS0824iWAuH9bHQu1Fpolcku",
    "object": "checkout.session",
    "adaptive_pricing": {
        "enabled": true
    },
    "after_expiration": null,
    "allow_promotion_codes": null,
    "amount_subtotal": 2500,
    "amount_total": 2500,
    "automatic_tax": {
        "enabled": false,
        "liability": null,
        "provider": null,
        "status": null
    },
    "billing_address_collection": null,
    "branding_settings": {
        "background_color": "#ffffff",
        "border_style": "rounded",
        "button_color": "#0074d4",
        "display_name": "New business sandbox",
        "font_family": "default",
        "icon": null,
        "logo": null
    },
    "cancel_url": "https:\/\/elite.kalonoid.com\/cart.php",
    "client_reference_id": null,
    "client_secret": null,
    "collected_information": {
        "business_name": null,
        "individual_name": null,
        "shipping_details": {
            "address": {
                "city": "Lewes",
                "country": "US",
                "line1": "16192 Coastal Highway",
                "line2": null,
                "postal_code": "19958",
                "state": "DE"
            },
            "name": "Dinaol Enku"
        }
    },
    "consent": null,
    "consent_collection": null,
    "created": 1759867912,
    "currency": "usd",
    "currency_conversion": null,
    "custom_fields": [],
    "custom_text": {
        "after_submit": null,
        "shipping_address": null,
        "submit": null,
        "terms_of_service_acceptance": null
    },
    "customer": null,
    "customer_creation": "if_required",
    "customer_details": {
        "address": {
            "city": "Lewes",
            "country": "US",
            "line1": "16192 Coastal Highway",
            "line2": null,
            "postal_code": "19958",
            "state": "DE"
        },
        "business_name": null,
        "email": "dinaolenku@gmail.com",
        "individual_name": null,
        "name": "Dinaol Enku",
        "phone": null,
        "tax_exempt": "none",
        "tax_ids": []
    },
    "customer_email": null,
    "discounts": [],
    "expires_at": 1759954312,
    "invoice": null,
    "invoice_creation": {
        "enabled": false,
        "invoice_data": {
            "account_tax_ids": null,
            "custom_fields": null,
            "description": null,
            "footer": null,
            "issuer": null,
            "metadata": [],
            "rendering_options": null
        }
    },
    "livemode": false,
    "locale": null,
    "metadata": {
        "order_id": "24"
    },
    "mode": "payment",
    "origin_context": null,
    "payment_intent": "pi_3SFhKB2NRh8PlH5z0RJCWbyI",
    "payment_link": null,
    "payment_method_collection": "if_required",
    "payment_method_configuration_details": null,
    "payment_method_options": {
        "card": {
            "request_three_d_secure": "automatic"
        }
    },
    "payment_method_types": [
        "card"
    ],
    "payment_status": "paid",
    "permissions": null,
    "phone_number_collection": {
        "enabled": false
    },
    "recovered_from": null,
    "saved_payment_method_options": null,
    "setup_intent": null,
    "shipping_address_collection": {
        "allowed_countries": [
            "US",
            "GR"
        ]
    },
    "shipping_cost": null,
    "shipping_options": [],
    "status": "complete",
    "submit_type": null,
    "subscription": null,
    "success_url": "https:\/\/elite.kalonoid.com\/success.php?session_id={CHECKOUT_SESSION_ID}",
    "total_details": {
        "amount_discount": 0,
        "amount_shipping": 0,
        "amount_tax": 0
    },
    "ui_mode": "hosted",
    "url": null,
    "wallet_options": null
}
[07-Oct-2025 16:20:59 America/Toronto] check_shipping_address.php: Shipping address found and stored in session for user_id: 7
[07-Oct-2025 16:21:06 America/Toronto] handle_payment.php: Received webhook - Event time: 2025-10-07 16:21:06, Payload length: 4147, Signature: t=1759868466,v1=253c7b43139ae8a2b760278709d0b6ed1b250af758915b0cd9f7115b54a780f9,v0=a6fdd011c95546e91fb6da8bbaffbca97ed42f9090a9f97c063e68c0a4e353f2
[07-Oct-2025 16:21:06 America/Toronto] handle_payment.php: Webhook signature verified. Event type: charge.succeeded, Event ID: evt_3SFhNd2NRh8PlH5z0A6QC5VR
[07-Oct-2025 16:21:06 America/Toronto] handle_payment.php: Unhandled event type charge.succeeded, Event ID: evt_3SFhNd2NRh8PlH5z0A6QC5VR
[07-Oct-2025 16:21:06 America/Toronto] handle_payment.php: Received webhook - Event time: 2025-10-07 16:21:06, Payload length: 4182, Signature: t=1759868466,v1=b28b1a19e51fb2dee0f5cf4124a375d2c9a6ead778d6eac51290a30eec6127c9,v0=0442ee6794405d0824c016858aaae55ac23ec3e019a0b3530eb869daea8f953e
[07-Oct-2025 16:21:06 America/Toronto] handle_payment.php: Webhook signature verified. Event type: checkout.session.completed, Event ID: evt_1SFhNe2NRh8PlH5z027nIgwA
[07-Oct-2025 16:21:06 America/Toronto] handle_payment.php: Received webhook - Event time: 2025-10-07 16:21:06, Payload length: 2267, Signature: t=1759868466,v1=78291eb5e8d5123fba6fcd8b80bbbc460e3988858d33e089f84f9c8b306a418f,v0=87345b6a686b3877b663f74bd5c5c80eb04d33aa493d62316a4d270e1e472142
[07-Oct-2025 16:21:06 America/Toronto] handle_payment.php: Webhook signature verified. Event type: payment_intent.succeeded, Event ID: evt_3SFhNd2NRh8PlH5z0XxSXvdg
[07-Oct-2025 16:21:06 America/Toronto] handle_payment.php: Unhandled event type payment_intent.succeeded, Event ID: evt_3SFhNd2NRh8PlH5z0XxSXvdg
[07-Oct-2025 16:21:06 America/Toronto] handle_payment.php: Received webhook - Event time: 2025-10-07 16:21:06, Payload length: 1897, Signature: t=1759868466,v1=6ffbffe2ced84765c601da65883b38c24842da5fade8e0ed76febc1b4914dba2,v0=36211db55d8b3f0942b5811d21010742a383a233d2b06324d255018124c8fd86
[07-Oct-2025 16:21:06 America/Toronto] handle_payment.php: Webhook signature verified. Event type: payment_intent.created, Event ID: evt_3SFhNd2NRh8PlH5z0sMJfBZv
[07-Oct-2025 16:21:06 America/Toronto] handle_payment.php: Unhandled event type payment_intent.created, Event ID: evt_3SFhNd2NRh8PlH5z0sMJfBZv
[07-Oct-2025 16:21:07 America/Toronto] send_order_email.php: User email sent for order ID 25, status: paid
[07-Oct-2025 16:21:08 America/Toronto] send_order_email.php: Admin email sent for order ID 25, status: paid
[07-Oct-2025 16:21:08 America/Toronto] handle_payment.php: Success emails sent for order ID 25
[07-Oct-2025 16:21:09 America/Toronto] handle_payment.php: Received webhook - Event time: 2025-10-07 16:21:09, Payload length: 4388, Signature: t=1759868469,v1=56f62cb1ce99ba18530e8adc143b74afbd15e94dc6d56c5da457d3250231d3cf,v0=d91e22c226099e1c690e0a44dc38086aaf64457c4c7234dd029f79ad8eb85c05
[07-Oct-2025 16:21:09 America/Toronto] handle_payment.php: Webhook signature verified. Event type: charge.updated, Event ID: evt_3SFhNd2NRh8PlH5z0rR1esvB
[07-Oct-2025 16:21:09 America/Toronto] handle_payment.php: Unhandled event type charge.updated, Event ID: evt_3SFhNd2NRh8PlH5z0rR1esvB
[07-Oct-2025 16:21:10 America/Toronto] success.php: Order already processed for order_id: 25, session_id: cs_test_a1glLFs0FKow1NcDVIj7pqPh3cG2doMhMamNFSSkPc9zfLunByGtxIK46B
[07-Oct-2025 16:23:09 America/Toronto] check_shipping_address.php: Shipping address found and stored in session for user_id: 7
[07-Oct-2025 16:23:23 America/Toronto] handle_payment.php: Received webhook - Event time: 2025-10-07 16:23:23, Payload length: 4147, Signature: t=1759868603,v1=fb59b99b30ab767d631742d3ab33ec20afe6d05aa3dd7d3d27d0b7c42b978962,v0=1018aa8446ff47941f36831c58ef3f9daaf3335b4c3907b43588c2ecc4e78ade
[07-Oct-2025 16:23:23 America/Toronto] handle_payment.php: Received webhook - Event time: 2025-10-07 16:23:23, Payload length: 2267, Signature: t=1759868603,v1=bb937d16dcab5484d462b0cab94206f4d5c0626142a1e34b7c6168cd5c0c1966,v0=51e4e54b60a714496121481307fc0913478e83932e7000f712a087f58f89d4c6
[07-Oct-2025 16:23:23 America/Toronto] handle_payment.php: Webhook signature verified. Event type: charge.succeeded, Event ID: evt_3SFhPp2NRh8PlH5z1JWf36PE
[07-Oct-2025 16:23:23 America/Toronto] handle_payment.php: Unhandled event type charge.succeeded, Event ID: evt_3SFhPp2NRh8PlH5z1JWf36PE
[07-Oct-2025 16:23:23 America/Toronto] handle_payment.php: Webhook signature verified. Event type: payment_intent.succeeded, Event ID: evt_3SFhPp2NRh8PlH5z11hZOssl
[07-Oct-2025 16:23:23 America/Toronto] handle_payment.php: Unhandled event type payment_intent.succeeded, Event ID: evt_3SFhPp2NRh8PlH5z11hZOssl
[07-Oct-2025 16:23:23 America/Toronto] handle_payment.php: Received webhook - Event time: 2025-10-07 16:23:23, Payload length: 1897, Signature: t=1759868603,v1=2e7ccee0e3073da583b0d6a74f505064aeeaa451861e7d834265988de26460b9,v0=1fa0c027c535f4c2f67a9660d3da20fd764ad5f5df7b413c81510c5ac0957fd3
[07-Oct-2025 16:23:23 America/Toronto] handle_payment.php: Webhook signature verified. Event type: payment_intent.created, Event ID: evt_3SFhPp2NRh8PlH5z1EMYDXK1
[07-Oct-2025 16:23:23 America/Toronto] handle_payment.php: Unhandled event type payment_intent.created, Event ID: evt_3SFhPp2NRh8PlH5z1EMYDXK1
[07-Oct-2025 16:23:23 America/Toronto] handle_payment.php: Received webhook - Event time: 2025-10-07 16:23:23, Payload length: 4182, Signature: t=1759868603,v1=83b3e7f273cecab17990117b91310b0ca1d38556b8014a3899dfc89a5743147a,v0=b1b1d2688966bfe256fe5e1b6e915787df6c6ceb7b316e80fb3b787256730d8b
[07-Oct-2025 16:23:23 America/Toronto] handle_payment.php: Webhook signature verified. Event type: checkout.session.completed, Event ID: evt_1SFhPr2NRh8PlH5zwoaQ4iZQ
[07-Oct-2025 16:23:25 America/Toronto] send_order_email.php: User email sent for order ID 26, status: paid
[07-Oct-2025 16:23:25 America/Toronto] handle_payment.php: Received webhook - Event time: 2025-10-07 16:23:25, Payload length: 4388, Signature: t=1759868605,v1=c2ef502658a102a9584d319a3e0fcffdf6c6901e9c75845c059d519860ead7e0,v0=51906cd4ecfe83aa3088925e6263659d367ae0204321a1e0bfcba53a01031955
[07-Oct-2025 16:23:25 America/Toronto] handle_payment.php: Webhook signature verified. Event type: charge.updated, Event ID: evt_3SFhPp2NRh8PlH5z1kvtd5D6
[07-Oct-2025 16:23:25 America/Toronto] handle_payment.php: Unhandled event type charge.updated, Event ID: evt_3SFhPp2NRh8PlH5z1kvtd5D6
[07-Oct-2025 16:23:26 America/Toronto] send_order_email.php: Admin email sent for order ID 26, status: paid
[07-Oct-2025 16:23:26 America/Toronto] handle_payment.php: Success emails sent for order ID 26
[07-Oct-2025 16:23:28 America/Toronto] success.php: Order already processed for order_id: 26, session_id: cs_test_a1FMOW26EjE7I0RyHIgj3VWWf4WVZR9c8bLEmYZRLHVL1kiBX49ugWWR59
[07-Oct-2025 16:47:30 America/Toronto] check_stock.php: Session user_id: 1
[07-Oct-2025 16:47:30 America/Toronto] check_stock.php: Insufficient stock for product_id: 2, requested: 1, available: 0
[07-Oct-2025 16:47:37 America/Toronto] check_stock.php: Session user_id: 1
[07-Oct-2025 16:47:37 America/Toronto] check_stock.php: Insufficient stock for product_id: 2, requested: 1, available: 0
[07-Oct-2025 16:48:00 America/Toronto] check_stock.php: Session user_id: 1
[07-Oct-2025 16:48:00 America/Toronto] check_stock.php: Insufficient stock for product_id: 2, requested: 1, available: 0
[07-Oct-2025 16:48:21 America/Toronto] check_stock.php: Session user_id: 1
[07-Oct-2025 16:48:21 America/Toronto] check_stock.php: Insufficient stock for product_id: 2, requested: 1, available: 0
[07-Oct-2025 16:50:39 America/Toronto] check_stock.php: Session user_id: 1
[07-Oct-2025 16:50:39 America/Toronto] check_stock.php: Insufficient stock for product_id: 2, requested: 1, available: 0
[07-Oct-2025 16:51:09 America/Toronto] check_stock.php: Session user_id: 1
[07-Oct-2025 16:51:09 America/Toronto] check_stock.php: Insufficient stock for product_id: 2, requested: 1, available: 0
[07-Oct-2025 16:51:15 America/Toronto] check_stock.php: Session user_id: 1
[07-Oct-2025 16:51:15 America/Toronto] check_stock.php: Insufficient stock for product_id: 2, requested: 1, available: 0
[07-Oct-2025 16:51:33 America/Toronto] check_stock.php: Session user_id: 1
[07-Oct-2025 16:51:33 America/Toronto] check_stock.php: Insufficient stock for product_id: 2, requested: 1, available: 0
[07-Oct-2025 16:51:49 America/Toronto] check_stock.php: Session user_id: 1
[07-Oct-2025 16:51:49 America/Toronto] check_stock.php: Insufficient stock for product_id: 2, requested: 1, available: 0
[07-Oct-2025 16:51:55 America/Toronto] check_stock.php: Session user_id: 1
[07-Oct-2025 16:51:55 America/Toronto] check_stock.php: Insufficient stock for product_id: 2, requested: 1, available: 0
[07-Oct-2025 16:53:14 America/Toronto] check_stock.php: Session user_id: 1
[07-Oct-2025 16:53:14 America/Toronto] check_stock.php: Insufficient stock for product_id: 2, requested: 2, available: 1
[07-Oct-2025 16:53:25 America/Toronto] check_stock.php: Session user_id: 1
[07-Oct-2025 16:53:25 America/Toronto] check_shipping_address.php: Shipping address found and stored in session for user_id: 1
[07-Oct-2025 16:53:41 America/Toronto] handle_payment.php: Received webhook - Event time: 2025-10-07 16:53:41, Payload length: 2267, Signature: t=1759870421,v1=cac6a734e038e820eab32a9ced6e6c440fa28d3b6fc1d22e45c314cbc1333637,v0=79ed006dc51150815d8b768d3343fa6dd3c80a86df34b0a6e7d914e812b88ec4
[07-Oct-2025 16:53:41 America/Toronto] handle_payment.php: Webhook signature verified. Event type: payment_intent.succeeded, Event ID: evt_3SFhtA2NRh8PlH5z03m0nOy5
[07-Oct-2025 16:53:41 America/Toronto] handle_payment.php: Unhandled event type payment_intent.succeeded, Event ID: evt_3SFhtA2NRh8PlH5z03m0nOy5
[07-Oct-2025 16:53:41 America/Toronto] handle_payment.php: Received webhook - Event time: 2025-10-07 16:53:41, Payload length: 4182, Signature: t=1759870421,v1=a73dfa86ff144dd79148236596077e64035891a9894808210c69e46049daf5d6,v0=8a1363a5842d09651673e5c9ee92c093ce87c4ed28bc6eefbf465bc51a4ff352
[07-Oct-2025 16:53:41 America/Toronto] handle_payment.php: Webhook signature verified. Event type: checkout.session.completed, Event ID: evt_1SFhtB2NRh8PlH5ziS68hnim
[07-Oct-2025 16:53:41 America/Toronto] handle_payment.php: Reduced stock for product_id: 2 by 1
[07-Oct-2025 16:53:41 America/Toronto] handle_payment.php: Received webhook - Event time: 2025-10-07 16:53:41, Payload length: 4147, Signature: t=1759870421,v1=e8556fff012cc114b5d092b80042f0ac7017dbff20478cb3c1b3cebf40422084,v0=4227a91c5ac3513ea44b2508015b087f312c39e4d1f701dfc7528405a8fe34cf
[07-Oct-2025 16:53:41 America/Toronto] handle_payment.php: Webhook signature verified. Event type: charge.succeeded, Event ID: evt_3SFhtA2NRh8PlH5z0WQxT0KG
[07-Oct-2025 16:53:41 America/Toronto] handle_payment.php: Unhandled event type charge.succeeded, Event ID: evt_3SFhtA2NRh8PlH5z0WQxT0KG
[07-Oct-2025 16:53:41 America/Toronto] handle_payment.php: Received webhook - Event time: 2025-10-07 16:53:41, Payload length: 1897, Signature: t=1759870421,v1=6585f738667b1034a93c69cfadaa772efbba367f76f936a8cadcd40f6dbb889c,v0=159c1ebb07bfa05b36c3df15b53e5d8eeef3d2edc714b3cb15490ce6999bb0cb
[07-Oct-2025 16:53:41 America/Toronto] handle_payment.php: Webhook signature verified. Event type: payment_intent.created, Event ID: evt_3SFhtA2NRh8PlH5z0ltOGxAw
[07-Oct-2025 16:53:41 America/Toronto] handle_payment.php: Unhandled event type payment_intent.created, Event ID: evt_3SFhtA2NRh8PlH5z0ltOGxAw
[07-Oct-2025 16:53:42 America/Toronto] send_order_email.php: User email sent for order ID 27, status: paid
[07-Oct-2025 16:53:43 America/Toronto] send_order_email.php: Admin email sent for order ID 27, status: paid
[07-Oct-2025 16:53:43 America/Toronto] handle_payment.php: Success emails sent for order ID 27
[07-Oct-2025 16:53:43 America/Toronto] handle_payment.php: Received webhook - Event time: 2025-10-07 16:53:43, Payload length: 4388, Signature: t=1759870423,v1=70a8792bd37d6db6b5b29546219ac03642b99ffab46341b3d41060210a075a40,v0=80fbff0de740a6d9a45a2282391a492ee4d294b5880c7129db731f1516209c90
[07-Oct-2025 16:53:43 America/Toronto] handle_payment.php: Webhook signature verified. Event type: charge.updated, Event ID: evt_3SFhtA2NRh8PlH5z01kWgT98
[07-Oct-2025 16:53:43 America/Toronto] handle_payment.php: Unhandled event type charge.updated, Event ID: evt_3SFhtA2NRh8PlH5z01kWgT98
[07-Oct-2025 16:53:45 America/Toronto] success.php: Order already processed for order_id: 27, session_id: cs_test_b1FfP9jzIRaMCPCiBhsHgKVUoVX5jXzbH8xP7YBE8ZpYbBAylxM8K4NQ2F
[07-Oct-2025 16:54:37 America/Toronto] check_stock.php: Session user_id: 1
[07-Oct-2025 16:54:37 America/Toronto] check_shipping_address.php: Shipping address found and stored in session for user_id: 1
[07-Oct-2025 16:54:44 America/Toronto] handle_payment.php: Received webhook - Event time: 2025-10-07 16:54:44, Payload length: 1897, Signature: t=1759870484,v1=06540b19a361e55914685e58cf434db6058ec1610dba67dbf8fe91c396f62fe3,v0=bbc104d3e82992e19f955b61669d83b6b975e64cce20d2631b753c9adf969677
[07-Oct-2025 16:54:44 America/Toronto] handle_payment.php: Webhook signature verified. Event type: payment_intent.created, Event ID: evt_3SFhuA2NRh8PlH5z0wueMDzC
[07-Oct-2025 16:54:44 America/Toronto] handle_payment.php: Unhandled event type payment_intent.created, Event ID: evt_3SFhuA2NRh8PlH5z0wueMDzC
[07-Oct-2025 16:54:44 America/Toronto] handle_payment.php: Received webhook - Event time: 2025-10-07 16:54:44, Payload length: 4182, Signature: t=1759870484,v1=c2040ccd49ddfc861391dcc5dd03bbdc044a0a8943f67759a2a8c0e5ecda2fa3,v0=6ba9715bf2da1673b28279d426b3c7ebbc3e1c76f68121e1007896b94dacc173
[07-Oct-2025 16:54:44 America/Toronto] handle_payment.php: Webhook signature verified. Event type: checkout.session.completed, Event ID: evt_1SFhuC2NRh8PlH5zdUO0OR8z
[07-Oct-2025 16:54:44 America/Toronto] handle_payment.php: Reduced stock for product_id: 2 by 2
[07-Oct-2025 16:54:44 America/Toronto] handle_payment.php: Received webhook - Event time: 2025-10-07 16:54:44, Payload length: 4147, Signature: t=1759870484,v1=5330da5eb589a0ded937f0649032289d679cf8cbe5bd4625725bbd3a2b153b5f,v0=ee2da90e9796fa2774697ec965bbcacd621c371efb1b67950cbd75093916e533
[07-Oct-2025 16:54:44 America/Toronto] handle_payment.php: Webhook signature verified. Event type: charge.succeeded, Event ID: evt_3SFhuA2NRh8PlH5z0u9Yxroi
[07-Oct-2025 16:54:44 America/Toronto] handle_payment.php: Unhandled event type charge.succeeded, Event ID: evt_3SFhuA2NRh8PlH5z0u9Yxroi
[07-Oct-2025 16:54:44 America/Toronto] handle_payment.php: Received webhook - Event time: 2025-10-07 16:54:44, Payload length: 2267, Signature: t=1759870484,v1=c90d95cf8c47c27198afa568a47a37ef35b3924839df41f707c6bc8bfbe3591a,v0=5b36b88db1353df668763303b8d56b83de7979d5939f4e82fcd0ddf0438abe21
[07-Oct-2025 16:54:44 America/Toronto] handle_payment.php: Webhook signature verified. Event type: payment_intent.succeeded, Event ID: evt_3SFhuA2NRh8PlH5z0j7CY6pJ
[07-Oct-2025 16:54:44 America/Toronto] handle_payment.php: Unhandled event type payment_intent.succeeded, Event ID: evt_3SFhuA2NRh8PlH5z0j7CY6pJ
[07-Oct-2025 16:54:45 America/Toronto] send_order_email.php: User email sent for order ID 28, status: paid
[07-Oct-2025 16:54:46 America/Toronto] handle_payment.php: Received webhook - Event time: 2025-10-07 16:54:46, Payload length: 4388, Signature: t=1759870486,v1=56fbe4cd4b25b7e340eed0dfcf60632c728676dc69c40840104a76512b7d26d4,v0=d3aaa396d261a04ff406d720dd5f4c763edd5d396341ad1324afa45c8c964135
[07-Oct-2025 16:54:46 America/Toronto] handle_payment.php: Webhook signature verified. Event type: charge.updated, Event ID: evt_3SFhuA2NRh8PlH5z0ZyIDEdz
[07-Oct-2025 16:54:46 America/Toronto] handle_payment.php: Unhandled event type charge.updated, Event ID: evt_3SFhuA2NRh8PlH5z0ZyIDEdz
[07-Oct-2025 16:54:47 America/Toronto] send_order_email.php: Admin email sent for order ID 28, status: paid
[07-Oct-2025 16:54:47 America/Toronto] handle_payment.php: Success emails sent for order ID 28
[07-Oct-2025 16:54:49 America/Toronto] success.php: Order already processed for order_id: 28, session_id: cs_test_b1tejnghTzT5gslNYacLacVRmrmT4OnmGgG4nzUMc0mP6BEDoBCM9hFsmn
[07-Oct-2025 17:07:51 America/Toronto] cart.php: Database query failed - SQLSTATE[HY093]: Invalid parameter number: number of bound variables does not match number of tokens
[07-Oct-2025 17:19:54 America/Toronto] PHP Notice:  Undefined index: quantity in /home/kalonoix/domains/elite.kalonoid.com/public_html/cart.php on line 103
[07-Oct-2025 17:19:54 America/Toronto] PHP Notice:  Undefined index: price in /home/kalonoix/domains/elite.kalonoid.com/public_html/cart.php on line 104
[07-Oct-2025 17:19:54 America/Toronto] PHP Notice:  Undefined index: discount_percent in /home/kalonoix/domains/elite.kalonoid.com/public_html/cart.php on line 105
[07-Oct-2025 17:19:54 America/Toronto] PHP Notice:  Undefined index: quantity in /home/kalonoix/domains/elite.kalonoid.com/public_html/cart.php on line 106
[07-Oct-2025 17:19:54 America/Toronto] PHP Notice:  Undefined index: quantity in /home/kalonoix/domains/elite.kalonoid.com/public_html/cart.php on line 107
[07-Oct-2025 17:19:54 America/Toronto] PHP Notice:  Undefined index: quantity in /home/kalonoix/domains/elite.kalonoid.com/public_html/cart.php on line 103
[07-Oct-2025 17:19:54 America/Toronto] PHP Notice:  Undefined index: price in /home/kalonoix/domains/elite.kalonoid.com/public_html/cart.php on line 104
[07-Oct-2025 17:19:54 America/Toronto] PHP Notice:  Undefined index: discount_percent in /home/kalonoix/domains/elite.kalonoid.com/public_html/cart.php on line 105
[07-Oct-2025 17:19:54 America/Toronto] PHP Notice:  Undefined index: quantity in /home/kalonoix/domains/elite.kalonoid.com/public_html/cart.php on line 106
[07-Oct-2025 17:19:54 America/Toronto] PHP Notice:  Undefined index: quantity in /home/kalonoix/domains/elite.kalonoid.com/public_html/cart.php on line 107
[07-Oct-2025 17:19:54 America/Toronto] PHP Notice:  Undefined index: price in /home/kalonoix/domains/elite.kalonoid.com/public_html/cart.php on line 428
[07-Oct-2025 17:19:54 America/Toronto] PHP Notice:  Undefined index: discount_percent in /home/kalonoix/domains/elite.kalonoid.com/public_html/cart.php on line 429
[07-Oct-2025 17:19:54 America/Toronto] PHP Notice:  Undefined index: quantity in /home/kalonoix/domains/elite.kalonoid.com/public_html/cart.php on line 431
[07-Oct-2025 17:19:54 America/Toronto] PHP Notice:  Undefined index: image in /home/kalonoix/domains/elite.kalonoid.com/public_html/cart.php on line 435
[07-Oct-2025 17:19:54 America/Toronto] PHP Notice:  Undefined index: title in /home/kalonoix/domains/elite.kalonoid.com/public_html/cart.php on line 435
[07-Oct-2025 17:19:54 America/Toronto] PHP Notice:  Undefined index: title in /home/kalonoix/domains/elite.kalonoid.com/public_html/cart.php on line 438
[07-Oct-2025 17:19:54 America/Toronto] PHP Notice:  Undefined index: discount_percent in /home/kalonoix/domains/elite.kalonoid.com/public_html/cart.php on line 441
[07-Oct-2025 17:19:54 America/Toronto] PHP Notice:  Undefined index: product_id in /home/kalonoix/domains/elite.kalonoid.com/public_html/cart.php on line 450
[07-Oct-2025 17:19:54 America/Toronto] PHP Notice:  Undefined index: id in /home/kalonoix/domains/elite.kalonoid.com/public_html/cart.php on line 486
[07-Oct-2025 17:19:54 America/Toronto] PHP Notice:  Undefined index: quantity in /home/kalonoix/domains/elite.kalonoid.com/public_html/cart.php on line 489
[07-Oct-2025 17:19:54 America/Toronto] PHP Notice:  Undefined index: id in /home/kalonoix/domains/elite.kalonoid.com/public_html/cart.php on line 494
[07-Oct-2025 17:19:54 America/Toronto] PHP Notice:  Undefined index: price in /home/kalonoix/domains/elite.kalonoid.com/public_html/cart.php on line 428
[07-Oct-2025 17:19:54 America/Toronto] PHP Notice:  Undefined index: discount_percent in /home/kalonoix/domains/elite.kalonoid.com/public_html/cart.php on line 429
[07-Oct-2025 17:19:54 America/Toronto] PHP Notice:  Undefined index: quantity in /home/kalonoix/domains/elite.kalonoid.com/public_html/cart.php on line 431
[07-Oct-2025 17:19:54 America/Toronto] PHP Notice:  Undefined index: image in /home/kalonoix/domains/elite.kalonoid.com/public_html/cart.php on line 435
[07-Oct-2025 17:19:54 America/Toronto] PHP Notice:  Undefined index: title in /home/kalonoix/domains/elite.kalonoid.com/public_html/cart.php on line 435
[07-Oct-2025 17:19:54 America/Toronto] PHP Notice:  Undefined index: title in /home/kalonoix/domains/elite.kalonoid.com/public_html/cart.php on line 438
[07-Oct-2025 17:19:54 America/Toronto] PHP Notice:  Undefined index: discount_percent in /home/kalonoix/domains/elite.kalonoid.com/public_html/cart.php on line 441
[07-Oct-2025 17:19:54 America/Toronto] PHP Notice:  Undefined index: product_id in /home/kalonoix/domains/elite.kalonoid.com/public_html/cart.php on line 450
[07-Oct-2025 17:19:54 America/Toronto] PHP Notice:  Undefined index: id in /home/kalonoix/domains/elite.kalonoid.com/public_html/cart.php on line 486
[07-Oct-2025 17:19:54 America/Toronto] PHP Notice:  Undefined index: quantity in /home/kalonoix/domains/elite.kalonoid.com/public_html/cart.php on line 489
[07-Oct-2025 17:19:54 America/Toronto] PHP Notice:  Undefined index: id in /home/kalonoix/domains/elite.kalonoid.com/public_html/cart.php on line 494
[07-Oct-2025 17:20:21 America/Toronto] PHP Notice:  Undefined index: quantity in /home/kalonoix/domains/elite.kalonoid.com/public_html/cart.php on line 84
[07-Oct-2025 17:20:21 America/Toronto] PHP Notice:  Undefined index: price in /home/kalonoix/domains/elite.kalonoid.com/public_html/cart.php on line 85
[07-Oct-2025 17:20:21 America/Toronto] PHP Notice:  Undefined index: discount_percent in /home/kalonoix/domains/elite.kalonoid.com/public_html/cart.php on line 86
[07-Oct-2025 17:20:21 America/Toronto] PHP Notice:  Undefined index: quantity in /home/kalonoix/domains/elite.kalonoid.com/public_html/cart.php on line 87
[07-Oct-2025 17:20:21 America/Toronto] PHP Notice:  Undefined index: quantity in /home/kalonoix/domains/elite.kalonoid.com/public_html/cart.php on line 88
[07-Oct-2025 17:20:21 America/Toronto] PHP Notice:  Undefined index: quantity in /home/kalonoix/domains/elite.kalonoid.com/public_html/cart.php on line 84
[07-Oct-2025 17:20:21 America/Toronto] PHP Notice:  Undefined index: price in /home/kalonoix/domains/elite.kalonoid.com/public_html/cart.php on line 85
[07-Oct-2025 17:20:21 America/Toronto] PHP Notice:  Undefined index: discount_percent in /home/kalonoix/domains/elite.kalonoid.com/public_html/cart.php on line 86
[07-Oct-2025 17:20:21 America/Toronto] PHP Notice:  Undefined index: quantity in /home/kalonoix/domains/elite.kalonoid.com/public_html/cart.php on line 87
[07-Oct-2025 17:20:21 America/Toronto] PHP Notice:  Undefined index: quantity in /home/kalonoix/domains/elite.kalonoid.com/public_html/cart.php on line 88
[07-Oct-2025 17:20:21 America/Toronto] PHP Notice:  Undefined index: price in /home/kalonoix/domains/elite.kalonoid.com/public_html/cart.php on line 389
[07-Oct-2025 17:20:21 America/Toronto] PHP Notice:  Undefined index: discount_percent in /home/kalonoix/domains/elite.kalonoid.com/public_html/cart.php on line 390
[07-Oct-2025 17:20:21 America/Toronto] PHP Notice:  Undefined index: quantity in /home/kalonoix/domains/elite.kalonoid.com/public_html/cart.php on line 392
[07-Oct-2025 17:20:21 America/Toronto] PHP Notice:  Undefined index: image in /home/kalonoix/domains/elite.kalonoid.com/public_html/cart.php on line 396
[07-Oct-2025 17:20:21 America/Toronto] PHP Notice:  Undefined index: title in /home/kalonoix/domains/elite.kalonoid.com/public_html/cart.php on line 396
[07-Oct-2025 17:20:21 America/Toronto] PHP Notice:  Undefined index: title in /home/kalonoix/domains/elite.kalonoid.com/public_html/cart.php on line 399
[07-Oct-2025 17:20:21 America/Toronto] PHP Notice:  Undefined index: discount_percent in /home/kalonoix/domains/elite.kalonoid.com/public_html/cart.php on line 402
[07-Oct-2025 17:20:21 America/Toronto] PHP Notice:  Undefined index: product_id in /home/kalonoix/domains/elite.kalonoid.com/public_html/cart.php on line 411
[07-Oct-2025 17:20:21 America/Toronto] PHP Notice:  Undefined index: id in /home/kalonoix/domains/elite.kalonoid.com/public_html/cart.php on line 447
[07-Oct-2025 17:20:21 America/Toronto] PHP Notice:  Undefined index: quantity in /home/kalonoix/domains/elite.kalonoid.com/public_html/cart.php on line 450
[07-Oct-2025 17:20:21 America/Toronto] PHP Notice:  Undefined index: id in /home/kalonoix/domains/elite.kalonoid.com/public_html/cart.php on line 455
[07-Oct-2025 17:20:21 America/Toronto] PHP Notice:  Undefined index: price in /home/kalonoix/domains/elite.kalonoid.com/public_html/cart.php on line 389
[07-Oct-2025 17:20:21 America/Toronto] PHP Notice:  Undefined index: discount_percent in /home/kalonoix/domains/elite.kalonoid.com/public_html/cart.php on line 390
[07-Oct-2025 17:20:21 America/Toronto] PHP Notice:  Undefined index: quantity in /home/kalonoix/domains/elite.kalonoid.com/public_html/cart.php on line 392
[07-Oct-2025 17:20:21 America/Toronto] PHP Notice:  Undefined index: image in /home/kalonoix/domains/elite.kalonoid.com/public_html/cart.php on line 396
[07-Oct-2025 17:20:21 America/Toronto] PHP Notice:  Undefined index: title in /home/kalonoix/domains/elite.kalonoid.com/public_html/cart.php on line 396
[07-Oct-2025 17:20:21 America/Toronto] PHP Notice:  Undefined index: title in /home/kalonoix/domains/elite.kalonoid.com/public_html/cart.php on line 399
[07-Oct-2025 17:20:21 America/Toronto] PHP Notice:  Undefined index: discount_percent in /home/kalonoix/domains/elite.kalonoid.com/public_html/cart.php on line 402
[07-Oct-2025 17:20:21 America/Toronto] PHP Notice:  Undefined index: product_id in /home/kalonoix/domains/elite.kalonoid.com/public_html/cart.php on line 411
[07-Oct-2025 17:20:21 America/Toronto] PHP Notice:  Undefined index: id in /home/kalonoix/domains/elite.kalonoid.com/public_html/cart.php on line 447
[07-Oct-2025 17:20:21 America/Toronto] PHP Notice:  Undefined index: quantity in /home/kalonoix/domains/elite.kalonoid.com/public_html/cart.php on line 450
[07-Oct-2025 17:20:21 America/Toronto] PHP Notice:  Undefined index: id in /home/kalonoix/domains/elite.kalonoid.com/public_html/cart.php on line 455
[07-Oct-2025 17:20:23 America/Toronto] PHP Notice:  Undefined index: quantity in /home/kalonoix/domains/elite.kalonoid.com/public_html/cart.php on line 84
[07-Oct-2025 17:20:23 America/Toronto] PHP Notice:  Undefined index: price in /home/kalonoix/domains/elite.kalonoid.com/public_html/cart.php on line 85
[07-Oct-2025 17:20:23 America/Toronto] PHP Notice:  Undefined index: discount_percent in /home/kalonoix/domains/elite.kalonoid.com/public_html/cart.php on line 86
[07-Oct-2025 17:20:23 America/Toronto] PHP Notice:  Undefined index: quantity in /home/kalonoix/domains/elite.kalonoid.com/public_html/cart.php on line 87
[07-Oct-2025 17:20:23 America/Toronto] PHP Notice:  Undefined index: quantity in /home/kalonoix/domains/elite.kalonoid.com/public_html/cart.php on line 88
[07-Oct-2025 17:20:23 America/Toronto] PHP Notice:  Undefined index: quantity in /home/kalonoix/domains/elite.kalonoid.com/public_html/cart.php on line 84
[07-Oct-2025 17:20:23 America/Toronto] PHP Notice:  Undefined index: price in /home/kalonoix/domains/elite.kalonoid.com/public_html/cart.php on line 85
[07-Oct-2025 17:20:23 America/Toronto] PHP Notice:  Undefined index: discount_percent in /home/kalonoix/domains/elite.kalonoid.com/public_html/cart.php on line 86
[07-Oct-2025 17:20:23 America/Toronto] PHP Notice:  Undefined index: quantity in /home/kalonoix/domains/elite.kalonoid.com/public_html/cart.php on line 87
[07-Oct-2025 17:20:23 America/Toronto] PHP Notice:  Undefined index: quantity in /home/kalonoix/domains/elite.kalonoid.com/public_html/cart.php on line 88
[07-Oct-2025 17:20:23 America/Toronto] PHP Notice:  Undefined index: price in /home/kalonoix/domains/elite.kalonoid.com/public_html/cart.php on line 389
[07-Oct-2025 17:20:23 America/Toronto] PHP Notice:  Undefined index: discount_percent in /home/kalonoix/domains/elite.kalonoid.com/public_html/cart.php on line 390
[07-Oct-2025 17:20:23 America/Toronto] PHP Notice:  Undefined index: quantity in /home/kalonoix/domains/elite.kalonoid.com/public_html/cart.php on line 392
[07-Oct-2025 17:20:23 America/Toronto] PHP Notice:  Undefined index: image in /home/kalonoix/domains/elite.kalonoid.com/public_html/cart.php on line 396
[07-Oct-2025 17:20:23 America/Toronto] PHP Notice:  Undefined index: title in /home/kalonoix/domains/elite.kalonoid.com/public_html/cart.php on line 396
[07-Oct-2025 17:20:23 America/Toronto] PHP Notice:  Undefined index: title in /home/kalonoix/domains/elite.kalonoid.com/public_html/cart.php on line 399
[07-Oct-2025 17:20:23 America/Toronto] PHP Notice:  Undefined index: discount_percent in /home/kalonoix/domains/elite.kalonoid.com/public_html/cart.php on line 402
[07-Oct-2025 17:20:23 America/Toronto] PHP Notice:  Undefined index: product_id in /home/kalonoix/domains/elite.kalonoid.com/public_html/cart.php on line 411
[07-Oct-2025 17:20:23 America/Toronto] PHP Notice:  Undefined index: id in /home/kalonoix/domains/elite.kalonoid.com/public_html/cart.php on line 447
[07-Oct-2025 17:20:23 America/Toronto] PHP Notice:  Undefined index: quantity in /home/kalonoix/domains/elite.kalonoid.com/public_html/cart.php on line 450
[07-Oct-2025 17:20:23 America/Toronto] PHP Notice:  Undefined index: id in /home/kalonoix/domains/elite.kalonoid.com/public_html/cart.php on line 455
[07-Oct-2025 17:20:23 America/Toronto] PHP Notice:  Undefined index: price in /home/kalonoix/domains/elite.kalonoid.com/public_html/cart.php on line 389
[07-Oct-2025 17:20:23 America/Toronto] PHP Notice:  Undefined index: discount_percent in /home/kalonoix/domains/elite.kalonoid.com/public_html/cart.php on line 390
[07-Oct-2025 17:20:23 America/Toronto] PHP Notice:  Undefined index: quantity in /home/kalonoix/domains/elite.kalonoid.com/public_html/cart.php on line 392
[07-Oct-2025 17:20:23 America/Toronto] PHP Notice:  Undefined index: image in /home/kalonoix/domains/elite.kalonoid.com/public_html/cart.php on line 396
[07-Oct-2025 17:20:23 America/Toronto] PHP Notice:  Undefined index: title in /home/kalonoix/domains/elite.kalonoid.com/public_html/cart.php on line 396
[07-Oct-2025 17:20:23 America/Toronto] PHP Notice:  Undefined index: title in /home/kalonoix/domains/elite.kalonoid.com/public_html/cart.php on line 399
[07-Oct-2025 17:20:23 America/Toronto] PHP Notice:  Undefined index: discount_percent in /home/kalonoix/domains/elite.kalonoid.com/public_html/cart.php on line 402
[07-Oct-2025 17:20:23 America/Toronto] PHP Notice:  Undefined index: product_id in /home/kalonoix/domains/elite.kalonoid.com/public_html/cart.php on line 411
[07-Oct-2025 17:20:23 America/Toronto] PHP Notice:  Undefined index: id in /home/kalonoix/domains/elite.kalonoid.com/public_html/cart.php on line 447
[07-Oct-2025 17:20:23 America/Toronto] PHP Notice:  Undefined index: quantity in /home/kalonoix/domains/elite.kalonoid.com/public_html/cart.php on line 450
[07-Oct-2025 17:20:23 America/Toronto] PHP Notice:  Undefined index: id in /home/kalonoix/domains/elite.kalonoid.com/public_html/cart.php on line 455
[07-Oct-2025 17:21:02 America/Toronto] handle_payment.php: Received webhook - Event time: 2025-10-07 17:21:02, Payload length: 2267, Signature: t=1759872062,v1=4158213801914f0acdb085cec0c845ae7866b170c4523e0b9125167e14c07663,v0=bfe855a9ea8200804e77a248fb2e6a0ed9e3f0ac98128faa0f084ce58bb7ae46
[07-Oct-2025 17:21:02 America/Toronto] handle_payment.php: Webhook signature verified. Event type: payment_intent.succeeded, Event ID: evt_3SFfY92NRh8PlH5z0KIqD5oC
[07-Oct-2025 17:21:02 America/Toronto] handle_payment.php: Unhandled event type payment_intent.succeeded, Event ID: evt_3SFfY92NRh8PlH5z0KIqD5oC
[07-Oct-2025 17:21:48 America/Toronto] handle_payment.php: Received webhook - Event time: 2025-10-07 17:21:48, Payload length: 4174, Signature: t=1759872107,v1=b32dee16adfa5437d813b8c66d8f4081903ec48141082aeca00b9885f3717d92,v0=07c69deeed9484f92415565b092544b9192530e3533386fed78d9552d85fae48
[07-Oct-2025 17:21:48 America/Toronto] handle_payment.php: Webhook signature verified. Event type: checkout.session.completed, Event ID: evt_1SFfYA2NRh8PlH5zgUcDZbVt
[07-Oct-2025 17:21:48 America/Toronto] handle_payment.php: Reduced stock for product_id: 2 by 1
[07-Oct-2025 17:21:49 America/Toronto] send_order_email.php: User email sent for order ID 11, status: paid
[07-Oct-2025 17:21:50 America/Toronto] send_order_email.php: Admin email sent for order ID 11, status: paid
[07-Oct-2025 17:21:50 America/Toronto] handle_payment.php: Success emails sent for order ID 11
[07-Oct-2025 17:23:21 America/Toronto] check_stock.php: Session user_id: 1
[07-Oct-2025 17:23:21 America/Toronto] check_stock.php: Insufficient stock for product_id: 1, requested: 1, available: 0
[07-Oct-2025 17:23:42 America/Toronto] check_stock.php: Session user_id: 1
[07-Oct-2025 17:23:42 America/Toronto] check_shipping_address.php: Shipping address found and stored in session for user_id: 1
[07-Oct-2025 17:23:49 America/Toronto] handle_payment.php: Received webhook - Event time: 2025-10-07 17:23:49, Payload length: 4147, Signature: t=1759872229,v1=a0e0573c8d46e3f58eace50911d4ef7265813ce3840003bc2ddf3eb2ea8e6043,v0=efbe8d0bfef3058af9940e995e7e7bfb7fd9b0a9e10f83ea044c789b401d1608
[07-Oct-2025 17:23:49 America/Toronto] handle_payment.php: Webhook signature verified. Event type: charge.succeeded, Event ID: evt_3SFiMK2NRh8PlH5z1vu6rCpF
[07-Oct-2025 17:23:49 America/Toronto] handle_payment.php: Unhandled event type charge.succeeded, Event ID: evt_3SFiMK2NRh8PlH5z1vu6rCpF
[07-Oct-2025 17:23:49 America/Toronto] handle_payment.php: Received webhook - Event time: 2025-10-07 17:23:49, Payload length: 2267, Signature: t=1759872229,v1=14c9ec5d9c4e474a749f8c69f804dd0cb77266bbceb4bec6d844447c64edef93,v0=f4ad5da56ea96e5392458e5aaed729a803c33ebe9361c9bcd684ab1524559d49
[07-Oct-2025 17:23:49 America/Toronto] handle_payment.php: Webhook signature verified. Event type: payment_intent.succeeded, Event ID: evt_3SFiMK2NRh8PlH5z17fObk5p
[07-Oct-2025 17:23:49 America/Toronto] handle_payment.php: Unhandled event type payment_intent.succeeded, Event ID: evt_3SFiMK2NRh8PlH5z17fObk5p
[07-Oct-2025 17:23:49 America/Toronto] handle_payment.php: Received webhook - Event time: 2025-10-07 17:23:49, Payload length: 4182, Signature: t=1759872229,v1=5aa1020097941bc133548da7a8f9c92ed31414a3c2c1686c74e37714e924d048,v0=25f60068ca8dc2ccae537088be45f18068209196d8163446a5aa3a170f405650
[07-Oct-2025 17:23:49 America/Toronto] handle_payment.php: Webhook signature verified. Event type: checkout.session.completed, Event ID: evt_1SFiML2NRh8PlH5zne0Tw8Fw
[07-Oct-2025 17:23:49 America/Toronto] handle_payment.php: Reduced stock for product_id: 1 by 1
[07-Oct-2025 17:23:49 America/Toronto] handle_payment.php: Received webhook - Event time: 2025-10-07 17:23:49, Payload length: 1897, Signature: t=1759872229,v1=ec27963803f6676f600ead89ea437620fffe6d6bab0d295b0e5551dd672507e7,v0=5cd58c06e587e875cedd88d07b28c91435d001d3819c3664a0a8411a2958de64
[07-Oct-2025 17:23:49 America/Toronto] handle_payment.php: Webhook signature verified. Event type: payment_intent.created, Event ID: evt_3SFiMK2NRh8PlH5z1hOTepw0
[07-Oct-2025 17:23:49 America/Toronto] handle_payment.php: Unhandled event type payment_intent.created, Event ID: evt_3SFiMK2NRh8PlH5z1hOTepw0
[07-Oct-2025 17:23:50 America/Toronto] send_order_email.php: User email sent for order ID 29, status: paid
[07-Oct-2025 17:23:51 America/Toronto] send_order_email.php: Admin email sent for order ID 29, status: paid
[07-Oct-2025 17:23:51 America/Toronto] handle_payment.php: Success emails sent for order ID 29
[07-Oct-2025 17:23:51 America/Toronto] handle_payment.php: Received webhook - Event time: 2025-10-07 17:23:51, Payload length: 4388, Signature: t=1759872231,v1=ed90b71872c381abf2b418685791958b8cf9760f7f7af82f5a67857e698085a7,v0=5473a27bf5d8a0ee32c176b509ac157b5f99d9bac54456c1fb4c03c788fd7039
[07-Oct-2025 17:23:51 America/Toronto] handle_payment.php: Webhook signature verified. Event type: charge.updated, Event ID: evt_3SFiMK2NRh8PlH5z1Vl3191e
[07-Oct-2025 17:23:51 America/Toronto] handle_payment.php: Unhandled event type charge.updated, Event ID: evt_3SFiMK2NRh8PlH5z1Vl3191e
[07-Oct-2025 17:23:53 America/Toronto] success.php: Order already processed for order_id: 29, session_id: cs_test_b1LwDtbloT9RkKVCPzncs5MiNGeFj3d6rNFZvmFdrXWNtnqVTVZ7bhMwY3
[07-Oct-2025 17:24:08 America/Toronto] handle_payment.php: Received webhook - Event time: 2025-10-07 17:24:08, Payload length: 1897, Signature: t=1759872248,v1=66a0bbbeae199851035eaa2be95ad397c3fe15fff98ae35ade71b38904114de2,v0=83af996ae48799a42825e28c7547e0a810c3790bdaf9365b46e0ee4d383d391e
[07-Oct-2025 17:24:08 America/Toronto] handle_payment.php: Webhook signature verified. Event type: payment_intent.created, Event ID: evt_3SFfY92NRh8PlH5z0sM1WBbz
[07-Oct-2025 17:24:08 America/Toronto] handle_payment.php: Unhandled event type payment_intent.created, Event ID: evt_3SFfY92NRh8PlH5z0sM1WBbz
[07-Oct-2025 17:24:45 America/Toronto] handle_payment.php: Received webhook - Event time: 2025-10-07 17:24:45, Payload length: 4380, Signature: t=1759872284,v1=48dbc6fb3a591bcedc2bc377d4b302e7cfa252b4f8865fb5ecc267f71bd40854,v0=930297427af9814e624baa562a1b914757813e6231901e51eab4c9e7be3ba646
[07-Oct-2025 17:24:45 America/Toronto] handle_payment.php: Webhook signature verified. Event type: charge.updated, Event ID: evt_3SFfY92NRh8PlH5z0ydYKypu
[07-Oct-2025 17:24:45 America/Toronto] handle_payment.php: Unhandled event type charge.updated, Event ID: evt_3SFfY92NRh8PlH5z0ydYKypu
[07-Oct-2025 17:26:14 America/Toronto] handle_payment.php: Received webhook - Event time: 2025-10-07 17:26:14, Payload length: 4247, Signature: t=1759872374,v1=670b2dc13eac86e41cd39398985dcd6a402d6d13574c5bc3f638a5952aeefbc2,v0=4ec406f05bda2538b5ae0bc3547504f91620aa3ce9600c1523d344265bc68ffc
[07-Oct-2025 17:26:14 America/Toronto] handle_payment.php: Webhook signature verified. Event type: payment_intent.payment_failed, Event ID: evt_3SFfdF2NRh8PlH5z0inRQgPX
[07-Oct-2025 17:26:14 America/Toronto] handle_payment.php: Unhandled event type payment_intent.payment_failed, Event ID: evt_3SFfdF2NRh8PlH5z0inRQgPX
[07-Oct-2025 17:26:53 America/Toronto] handle_payment.php: Received webhook - Event time: 2025-10-07 17:26:53, Payload length: 4096, Signature: t=1759872413,v1=750001ab20a0cf2fb42307f73ac078acbde531b61ba7087e5e2428c65967fd95,v0=46f5f304e412e90a63bc8ab86299f24e51390535b0e0aac6d3b208e91c17343b
[07-Oct-2025 17:26:53 America/Toronto] handle_payment.php: Webhook signature verified. Event type: charge.failed, Event ID: evt_3SFfdF2NRh8PlH5z0SQe3l8Q
[07-Oct-2025 17:26:53 America/Toronto] handle_payment.php: No order_id in metadata for charge.failed, Event ID: evt_3SFfdF2NRh8PlH5z0SQe3l8Q
[07-Oct-2025 17:30:48 America/Toronto] handle_payment.php: Received webhook - Event time: 2025-10-07 17:30:48, Payload length: 1897, Signature: t=1759872648,v1=262da9d9249cb53d980f03dc27913c76955552973798fd610d676b9f82571b22,v0=327c7561bab080e1382ad7fef2c65fffa33b0c9753f62f9c89ff602c6b5b9f33
[07-Oct-2025 17:30:48 America/Toronto] handle_payment.php: Webhook signature verified. Event type: payment_intent.created, Event ID: evt_3SFfdF2NRh8PlH5z0Kvi2QI9
[07-Oct-2025 17:30:48 America/Toronto] handle_payment.php: Unhandled event type payment_intent.created, Event ID: evt_3SFfdF2NRh8PlH5z0Kvi2QI9
[07-Oct-2025 17:53:19 America/Toronto] success.php: Order already processed for order_id: 23, session_id: cs_test_a1fWaZbqOH0rHjoZhqsmTekLpYQnYIbASJW0w9vMDsMEJO41S5mioiLne8
[07-Oct-2025 19:29:35 America/Toronto] check_stock.php: Session user_id: 9
[07-Oct-2025 19:29:36 America/Toronto] check_shipping_address.php: No shipping address found for user_id: 9
[08-Oct-2025 08:08:29 America/Toronto] handle_payment.php: Received webhook - Event time: 2025-10-08 08:08:29, Payload length: 3715, Signature: t=1759925309,v1=ab5827d7b18e9f4c814e3cb0ba703efce646b603048e3db14e8a4ed6293f22e0,v0=3cef2921495653b610213ca493171924f84c503597fda86cfbc9e2ed4a8ac0ec
[08-Oct-2025 08:08:29 America/Toronto] handle_payment.php: Webhook signature verified. Event type: checkout.session.expired, Event ID: evt_1SFwAT2NRh8PlH5zTCayDUsl
[08-Oct-2025 08:08:29 America/Toronto] handle_payment.php: No order_id in metadata for checkout.session.expired, Event ID: evt_1SFwAT2NRh8PlH5zTCayDUsl
[08-Oct-2025 08:08:46 America/Toronto] handle_payment.php: Received webhook - Event time: 2025-10-08 08:08:46, Payload length: 3715, Signature: t=1759925326,v1=bbc103aaf8d8fce0b542fc45cbca5bf5f10d94c1dd56764eb170c96125d50b81,v0=327eaee37f44101231fd1008b6e81727ee32845991460ebfb3b54f9a6be69ca0
[08-Oct-2025 08:08:46 America/Toronto] handle_payment.php: Webhook signature verified. Event type: checkout.session.expired, Event ID: evt_1SFwAT2NRh8PlH5zTCayDUsl
[08-Oct-2025 08:08:46 America/Toronto] handle_payment.php: Event ID evt_1SFwAT2NRh8PlH5zTCayDUsl already processed, skipping
[08-Oct-2025 08:47:02 America/Toronto] handle_payment.php: Received webhook - Event time: 2025-10-08 08:47:02, Payload length: 3671, Signature: t=1759927622,v1=9e5e3aa0b8a5ea47f409a2c806c88612ef7294a85d3d3becb047273ea2c69a53,v0=22eba96f4241a2abe2dfd7a409d8e0b5ac0a104090c8ffe4ae4ae6a166c4b3be
[08-Oct-2025 08:47:02 America/Toronto] handle_payment.php: Webhook signature verified. Event type: checkout.session.expired, Event ID: evt_1SFwlm2NRh8PlH5zJ5YorW6Z
[08-Oct-2025 08:47:02 America/Toronto] handle_payment.php: No order_id in metadata for checkout.session.expired, Event ID: evt_1SFwlm2NRh8PlH5zJ5YorW6Z
[08-Oct-2025 08:56:58 America/Toronto] handle_payment.php: Received webhook - Event time: 2025-10-08 08:56:58, Payload length: 3671, Signature: t=1759928218,v1=92a63a5cfedf519d9a7292efffdd50254ee75fdacd6b389a78af29ad216595b7,v0=beaaffbebb6f7dc855ed6bc38916af46a1f50ba21eedf9e44297f03c4de6258e
[08-Oct-2025 08:56:58 America/Toronto] handle_payment.php: Webhook signature verified. Event type: checkout.session.expired, Event ID: evt_1SFwvO2NRh8PlH5zy89HaHgB
[08-Oct-2025 08:56:58 America/Toronto] handle_payment.php: No order_id in metadata for checkout.session.expired, Event ID: evt_1SFwvO2NRh8PlH5zy89HaHgB
[08-Oct-2025 09:45:57 America/Toronto] handle_payment.php: Received webhook - Event time: 2025-10-08 09:45:57, Payload length: 3671, Signature: t=1759931156,v1=f96f84047acc15579a1f7069c282fc377e1d8bc930c3dc093fb4cdbaff3a7777,v0=2e33b456df355a47bb9652af3323e4ffa73837009ce31238c5aca082fd09e80e
[08-Oct-2025 09:45:57 America/Toronto] handle_payment.php: Webhook signature verified. Event type: checkout.session.expired, Event ID: evt_1SFwlm2NRh8PlH5zJ5YorW6Z
[08-Oct-2025 09:45:57 America/Toronto] handle_payment.php: Event ID evt_1SFwlm2NRh8PlH5zJ5YorW6Z already processed, skipping
[08-Oct-2025 09:56:06 America/Toronto] handle_payment.php: Received webhook - Event time: 2025-10-08 09:56:06, Payload length: 3671, Signature: t=1759931766,v1=8ef21a6c1ad3607d230918a73b88e6ea7479d25b5957bc371fec1529445687f3,v0=a7cd9f471679df4d10ee5bd08aa8a884588ab65e6d70e93fde6e83861aa20af8
[08-Oct-2025 09:56:06 America/Toronto] handle_payment.php: Webhook signature verified. Event type: checkout.session.expired, Event ID: evt_1SFwvO2NRh8PlH5zy89HaHgB
[08-Oct-2025 09:56:06 America/Toronto] handle_payment.php: Event ID evt_1SFwvO2NRh8PlH5zy89HaHgB already processed, skipping
[08-Oct-2025 09:57:15 America/Toronto] handle_payment.php: Received webhook - Event time: 2025-10-08 09:57:15, Payload length: 3608, Signature: t=1759931835,v1=641608f4eeb90c1a09558bbd3d537e44e41d1e5395e4e42aec2a639be8e6ebf3,v0=71f434cf4f360108caf28f83a3468bfc4912bed1771a0ce973ddf2e4ca3e1ed4
[08-Oct-2025 09:57:15 America/Toronto] handle_payment.php: Webhook signature verified. Event type: checkout.session.expired, Event ID: evt_1SFxrj2NRh8PlH5znCR7fePS
[08-Oct-2025 09:57:15 America/Toronto] handle_payment.php: No order_id in metadata for checkout.session.expired, Event ID: evt_1SFxrj2NRh8PlH5znCR7fePS
[08-Oct-2025 09:57:31 America/Toronto] handle_payment.php: Received webhook - Event time: 2025-10-08 09:57:31, Payload length: 3608, Signature: t=1759931851,v1=c1fa95d87b6092ca6a95b3a483b427139975e1d24f264ee98538ebe9293ce509,v0=91a7f781fc928e5b1f5a9181ef2172df62678dd64868ac0d3db1b91b9e95f153
[08-Oct-2025 09:57:31 America/Toronto] handle_payment.php: Webhook signature verified. Event type: checkout.session.expired, Event ID: evt_1SFxrj2NRh8PlH5znCR7fePS
[08-Oct-2025 09:57:31 America/Toronto] handle_payment.php: Event ID evt_1SFxrj2NRh8PlH5znCR7fePS already processed, skipping
[13-Oct-2025 20:03:26 America/Toronto] handle_payment.php: Received webhook - Event time: 2025-10-13 20:03:26, Payload length: 965, Signature: t=1760400205,v1=70865317d8a78fc5bd0507226b2df9e50427dfc6f3f185b00aed2ed42e2f72d3,v0=53017f5f9d666519edd1d1ffa157d622d9a021b335ffe8d37fd2b20894626fd1
[13-Oct-2025 20:03:26 America/Toronto] handle_payment.php: Webhook signature verified. Event type: balance.available, Event ID: evt_1SHvi52NRh8PlH5zCRkd6jyk
[13-Oct-2025 20:03:26 America/Toronto] handle_payment.php: Unhandled event type balance.available, Event ID: evt_1SHvi52NRh8PlH5zCRkd6jyk
[18-Oct-2025 05:43:23 America/Toronto] check_stock.php: Session user_id: 1
[18-Oct-2025 05:43:23 America/Toronto] check_stock.php: Insufficient stock for product_id: 1, requested: 2, available: 0
[18-Oct-2025 05:43:39 America/Toronto] check_stock.php: Session user_id: 1
[18-Oct-2025 05:43:39 America/Toronto] check_shipping_address.php: Shipping address found and stored in session for user_id: 1
[18-Oct-2025 05:44:08 America/Toronto] handle_payment.php: Received webhook - Event time: 2025-10-18 05:44:08, Payload length: 4151, Signature: t=1760780648,v1=1e9b40a2a0134340941656f94ca0d84fbd7113e6b3f20b939dfe0dd6ca902ab0,v0=34a2f67eb65c17f9777900bc8460bf4b6e2a0a4cd674a6df899156b4661a2848
[18-Oct-2025 05:44:08 America/Toronto] handle_payment.php: Webhook signature verified. Event type: charge.succeeded, Event ID: evt_3SJWgF2NRh8PlH5z0lzGcEDh
[18-Oct-2025 05:44:08 America/Toronto] handle_payment.php: Unhandled event type charge.succeeded, Event ID: evt_3SJWgF2NRh8PlH5z0lzGcEDh
[18-Oct-2025 05:44:08 America/Toronto] handle_payment.php: Received webhook - Event time: 2025-10-18 05:44:08, Payload length: 2575, Signature: t=1760780648,v1=e2df43ddfc3f45c33f1a9e36c2aeefdcf09833befccf4adb15b8a9ff0b17ac7f,v0=3000f958d6be80efdc2c6f5d21414f53629b5e4bb98866797146099bb7885687
[18-Oct-2025 05:44:08 America/Toronto] handle_payment.php: Webhook signature verified. Event type: payment_intent.succeeded, Event ID: evt_3SJWgF2NRh8PlH5z0SVdyKSn
[18-Oct-2025 05:44:08 America/Toronto] handle_payment.php: Unhandled event type payment_intent.succeeded, Event ID: evt_3SJWgF2NRh8PlH5z0SVdyKSn
[18-Oct-2025 05:44:08 America/Toronto] handle_payment.php: Received webhook - Event time: 2025-10-18 05:44:08, Payload length: 4184, Signature: t=1760780648,v1=4f0dc38b0853d5ab8ed97fde587c0537cd9e09ad53e85a21a8d4f1cf1e076cfe,v0=bf07b0eea0b232d76a124ac03ee78c45a9b5099572eaf01597e2d1826467c75b
[18-Oct-2025 05:44:08 America/Toronto] handle_payment.php: Webhook signature verified. Event type: checkout.session.completed, Event ID: evt_1SJWgG2NRh8PlH5zEOmzg7hQ
[18-Oct-2025 05:44:08 America/Toronto] handle_payment.php: Reduced stock for product_id: 2 by 1
[18-Oct-2025 05:44:08 America/Toronto] handle_payment.php: Reduced stock for product_id: 1 by 2
[18-Oct-2025 05:44:08 America/Toronto] handle_payment.php: Received webhook - Event time: 2025-10-18 05:44:08, Payload length: 1898, Signature: t=1760780648,v1=a84cd0b223391bd6c044a7c3c8f76b3a788864e7d4f9473ace72881f226f8a35,v0=c02902cfd4dcaa26bf6692bc8d2595714aaa04e56c4eeb407c7ca11b05bb356a
[18-Oct-2025 05:44:08 America/Toronto] handle_payment.php: Webhook signature verified. Event type: payment_intent.created, Event ID: evt_3SJWgF2NRh8PlH5z0Xd4VvIp
[18-Oct-2025 05:44:08 America/Toronto] handle_payment.php: Unhandled event type payment_intent.created, Event ID: evt_3SJWgF2NRh8PlH5z0Xd4VvIp
[18-Oct-2025 05:44:10 America/Toronto] send_order_email.php: User email sent for order ID 30, status: paid
[18-Oct-2025 05:44:10 America/Toronto] handle_payment.php: Received webhook - Event time: 2025-10-18 05:44:10, Payload length: 4392, Signature: t=1760780650,v1=bc8b761976c9d7321cb2c2f5bac08806a9169aae2206c6a8ce73609cfc731c26,v0=4408668558eb4fcdd9cbb43a963d38903f224c1e92e00ac1019200a3f95c5fe9
[18-Oct-2025 05:44:10 America/Toronto] handle_payment.php: Webhook signature verified. Event type: charge.updated, Event ID: evt_3SJWgF2NRh8PlH5z05b4Ckl9
[18-Oct-2025 05:44:10 America/Toronto] handle_payment.php: Unhandled event type charge.updated, Event ID: evt_3SJWgF2NRh8PlH5z05b4Ckl9
[18-Oct-2025 05:44:11 America/Toronto] send_order_email.php: Admin email sent for order ID 30, status: paid
[18-Oct-2025 05:44:11 America/Toronto] handle_payment.php: Success emails sent for order ID 30
[18-Oct-2025 05:44:13 America/Toronto] success.php: Order already processed for order_id: 30, session_id: cs_test_b1BMVcg4TtoNfLEkNlWU9pLCnD1YziAYl6JfsWLaDO9DYFuepDiYZkqolw
[18-Oct-2025 05:47:54 America/Toronto] check_stock.php: Session user_id: 1
[18-Oct-2025 05:47:54 America/Toronto] check_stock.php: Insufficient stock for product_id: 1, requested: 1, available: 0
[18-Oct-2025 05:48:11 America/Toronto] check_stock.php: Session user_id: 1
[18-Oct-2025 05:48:11 America/Toronto] check_shipping_address.php: Shipping address found and stored in session for user_id: 1
[18-Oct-2025 05:50:05 America/Toronto] handle_payment.php: Received webhook - Event time: 2025-10-18 05:50:05, Payload length: 2573, Signature: t=1760781004,v1=d35a284d90521a1af9d315df2481afae267dd7ad2d0276152a219570ab8e0c5d,v0=c250e9711e432d439241f1752a5754b30a24b589d1cedb27b4e404bc5fceec29
[18-Oct-2025 05:50:05 America/Toronto] handle_payment.php: Received webhook - Event time: 2025-10-18 05:50:05, Payload length: 1897, Signature: t=1760781004,v1=a342a5ecd5d796919925f100e751041c306783806ab5f486f0f2824140fb3248,v0=afe5096578dff79e5693016d938f3a09454942195100add744d3d603b34cc470
[18-Oct-2025 05:50:05 America/Toronto] handle_payment.php: Received webhook - Event time: 2025-10-18 05:50:05, Payload length: 4182, Signature: t=1760781004,v1=b63d2be2e3737a4da6c7478696fe94de0e08f879afecefbbd60419cf13a8ec50,v0=c580dfa9acb412496e37b8f5edf5c945201c6e4c1cddb8536764069c1627c68e
[18-Oct-2025 05:50:05 America/Toronto] handle_payment.php: Received webhook - Event time: 2025-10-18 05:50:05, Payload length: 4147, Signature: t=1760781004,v1=a63c68962180592abb3ac26dd4956ab34d969375db394f1a17fdf1dfb6a5c2ab,v0=2b973ee110fa58be9ad7f91f4bb27925b056da55eb71228b6c1ab19b3fd1dff6
[18-Oct-2025 05:50:05 America/Toronto] handle_payment.php: Webhook signature verified. Event type: payment_intent.created, Event ID: evt_3SJWlz2NRh8PlH5z0bF9Db25
[18-Oct-2025 05:50:05 America/Toronto] handle_payment.php: Webhook signature verified. Event type: payment_intent.succeeded, Event ID: evt_3SJWlz2NRh8PlH5z02SHc2sJ
[18-Oct-2025 05:50:05 America/Toronto] handle_payment.php: Webhook signature verified. Event type: checkout.session.completed, Event ID: evt_1SJWm02NRh8PlH5zsdVbD8XQ
[18-Oct-2025 05:50:05 America/Toronto] handle_payment.php: Webhook signature verified. Event type: charge.succeeded, Event ID: evt_3SJWlz2NRh8PlH5z0Z9pmnVc
[18-Oct-2025 05:50:05 America/Toronto] handle_payment.php: Unhandled event type payment_intent.created, Event ID: evt_3SJWlz2NRh8PlH5z0bF9Db25
[18-Oct-2025 05:50:05 America/Toronto] handle_payment.php: Unhandled event type charge.succeeded, Event ID: evt_3SJWlz2NRh8PlH5z0Z9pmnVc
[18-Oct-2025 05:50:05 America/Toronto] handle_payment.php: Unhandled event type payment_intent.succeeded, Event ID: evt_3SJWlz2NRh8PlH5z02SHc2sJ
[18-Oct-2025 05:50:05 America/Toronto] handle_payment.php: Reduced stock for product_id: 1 by 1
[18-Oct-2025 05:50:06 America/Toronto] send_order_email.php: User email sent for order ID 31, status: paid
[18-Oct-2025 05:50:06 America/Toronto] handle_payment.php: Received webhook - Event time: 2025-10-18 05:50:06, Payload length: 4388, Signature: t=1760781006,v1=9065c69ccee6166123c2e8ad8f93e063ea1224198eb74eec7a5feabce7a90466,v0=a4aa547251441f9d241811eccb15adce06a2883106ff4ecd322ec446ce503ac6
[18-Oct-2025 05:50:06 America/Toronto] handle_payment.php: Webhook signature verified. Event type: charge.updated, Event ID: evt_3SJWlz2NRh8PlH5z0r3IPk72
[18-Oct-2025 05:50:06 America/Toronto] handle_payment.php: Unhandled event type charge.updated, Event ID: evt_3SJWlz2NRh8PlH5z0r3IPk72
[18-Oct-2025 05:50:08 America/Toronto] send_order_email.php: Admin email sent for order ID 31, status: paid
[18-Oct-2025 05:50:08 America/Toronto] handle_payment.php: Success emails sent for order ID 31
[18-Oct-2025 05:50:11 America/Toronto] success.php: Order already processed for order_id: 31, session_id: cs_test_b1m3uwu4yj5PJiStjzUOH19Ou0RQiyqVqadTO96cJ8lwhwdF3u7hOdxtwS
[24-Oct-2025 20:05:38 America/Toronto] handle_payment.php: Received webhook - Event time: 2025-10-24 20:05:38, Payload length: 965, Signature: t=1761350737,v1=8623f8056e72ba6dd75e8e7c2969322a529374019d764a1fd6ec90655248b378,v0=c71b9935c8fd1c3aea200767ef220e010897abc0673aac1c69b9bbe42a8a4b88
[24-Oct-2025 20:05:38 America/Toronto] handle_payment.php: Webhook signature verified. Event type: balance.available, Event ID: evt_1SLuzF2NRh8PlH5zpDhPZsg3
[24-Oct-2025 20:05:38 America/Toronto] handle_payment.php: Unhandled event type balance.available, Event ID: evt_1SLuzF2NRh8PlH5zpDhPZsg3
[07-Nov-2025 17:39:50 America/Toronto] check_stock.php: Session user_id: 2
[07-Nov-2025 17:39:51 America/Toronto] check_shipping_address.php: Shipping address found and stored in session for user_id: 2
[07-Nov-2025 17:40:21 America/Toronto] handle_payment.php: Received webhook - Event time: 2025-11-07 17:40:21, Payload length: 4182, Signature: t=1762555221,v1=46c79df8684e35ffde2eb491a98db9e576fcff5a7cff3c4b33db13c381ae6362,v0=86ff7a96bb10416d400e7774d61d23b6f90d334b59b1a31ae62484fc7ed337f8
[07-Nov-2025 17:40:21 America/Toronto] handle_payment.php: Received webhook - Event time: 2025-11-07 17:40:21, Payload length: 4147, Signature: t=1762555221,v1=8c14e6d159509dffb9b7c5dacf07bc518ad5698b74b5c3610ecb55192d098a64,v0=9bafcf139e416db7cf1f65d269f758102e5defee5fc9d4be52eb322a606bbda0
[07-Nov-2025 17:40:21 America/Toronto] handle_payment.php: Webhook signature verified. Event type: checkout.session.completed, Event ID: evt_1SQyKP2NRh8PlH5zk2rsIH2T
[07-Nov-2025 17:40:21 America/Toronto] handle_payment.php: Webhook signature verified. Event type: charge.succeeded, Event ID: evt_3SQyKN2NRh8PlH5z0eHndnEx
[07-Nov-2025 17:40:21 America/Toronto] handle_payment.php: Unhandled event type charge.succeeded, Event ID: evt_3SQyKN2NRh8PlH5z0eHndnEx
[07-Nov-2025 17:40:21 America/Toronto] handle_payment.php: Reduced stock for product_id: 1 by 1
[07-Nov-2025 17:40:21 America/Toronto] handle_payment.php: Received webhook - Event time: 2025-11-07 17:40:21, Payload length: 2573, Signature: t=1762555221,v1=81f1712abdcae95a9d3d9796f1d22a87f8498ce9adbbd7f33b1eb73bc991bdd5,v0=259a7679e86984be316d5ea1456956c96a854c9fc64658780aa3421b2e9f480d
[07-Nov-2025 17:40:21 America/Toronto] handle_payment.php: Webhook signature verified. Event type: payment_intent.succeeded, Event ID: evt_3SQyKN2NRh8PlH5z06DXxBXC
[07-Nov-2025 17:40:21 America/Toronto] handle_payment.php: Unhandled event type payment_intent.succeeded, Event ID: evt_3SQyKN2NRh8PlH5z06DXxBXC
[07-Nov-2025 17:40:21 America/Toronto] handle_payment.php: Received webhook - Event time: 2025-11-07 17:40:21, Payload length: 1897, Signature: t=1762555221,v1=454d66707367497cac85a3c5d98794f2678d60bf93767598bd1861c24a5062dc,v0=a74ff294814d8f1082d39817d785328a46b599c2cd810d1a33aba085b869a796
[07-Nov-2025 17:40:21 America/Toronto] handle_payment.php: Webhook signature verified. Event type: payment_intent.created, Event ID: evt_3SQyKN2NRh8PlH5z0tBataQs
[07-Nov-2025 17:40:21 America/Toronto] handle_payment.php: Unhandled event type payment_intent.created, Event ID: evt_3SQyKN2NRh8PlH5z0tBataQs
[07-Nov-2025 17:40:22 America/Toronto] send_order_email.php: User email sent for order ID 32, status: paid
[07-Nov-2025 17:40:23 America/Toronto] send_order_email.php: Admin email sent for order ID 32, status: paid
[07-Nov-2025 17:40:23 America/Toronto] handle_payment.php: Success emails sent for order ID 32
[07-Nov-2025 17:40:23 America/Toronto] handle_payment.php: Received webhook - Event time: 2025-11-07 17:40:23, Payload length: 4388, Signature: t=1762555223,v1=04f7793e06f5e7a3187acdbe854e956ab6960b35be9526bff69f5c0b29815e1e,v0=72c090208bcc8a07f8838f62284a3ba3455f3f57611ea156646a07b19184cffe
[07-Nov-2025 17:40:23 America/Toronto] handle_payment.php: Webhook signature verified. Event type: charge.updated, Event ID: evt_3SQyKN2NRh8PlH5z07mDuRFb
[07-Nov-2025 17:40:23 America/Toronto] handle_payment.php: Unhandled event type charge.updated, Event ID: evt_3SQyKN2NRh8PlH5z07mDuRFb
[07-Nov-2025 17:40:25 America/Toronto] success.php: Order already processed for order_id: 32, session_id: cs_test_b17e007JSYMuCpcXz6Kx76HFRMIh5noltvCT1OmJM3XlUs9XTfgoK4s7Ri
[07-Nov-2025 17:58:33 America/Toronto] check_stock.php: Session user_id: 1
[07-Nov-2025 17:58:33 America/Toronto] check_stock.php: Insufficient stock for product_id: 1, requested: 1, available: 0
[07-Nov-2025 18:07:23 America/Toronto] check_shipping_address.php: Shipping address found and stored in session for user_id: 1
[07-Nov-2025 18:07:24 America/Toronto] create_session.php: Insufficient stock for product_id: 1, requested: 1, available: 0
[07-Nov-2025 18:07:28 America/Toronto] check_shipping_address.php: Shipping address found and stored in session for user_id: 1
[07-Nov-2025 18:07:28 America/Toronto] create_session.php: Insufficient stock for product_id: 1, requested: 1, available: 0
[07-Nov-2025 18:07:40 America/Toronto] check_stock.php: Session user_id: 1
[07-Nov-2025 18:07:40 America/Toronto] check_stock.php: Insufficient stock for product_id: 1, requested: 1, available: 0
[07-Nov-2025 18:07:46 America/Toronto] check_stock.php: Session user_id: 1
[07-Nov-2025 18:07:46 America/Toronto] check_stock.php: Insufficient stock for product_id: 1, requested: 1, available: 0
[07-Nov-2025 18:08:01 America/Toronto] check_stock.php: Session user_id: 1
[07-Nov-2025 18:08:01 America/Toronto] check_stock.php: Insufficient stock for product_id: 3, requested: 2, available: 0
[08-Nov-2025 01:30:56 America/Toronto] check_stock.php: Session user_id: 3
[08-Nov-2025 01:30:56 America/Toronto] check_stock.php: Insufficient stock for product_id: 1, requested: 1, available: 0
[08-Nov-2025 01:31:44 America/Toronto] check_stock.php: Session user_id: 3
[08-Nov-2025 01:31:44 America/Toronto] check_shipping_address.php: No shipping address found for user_id: 3
[08-Nov-2025 01:32:01 America/Toronto] shipping.php: Shipping address stored in session: {
    "name": "Dinaol Enku",
    "address": {
        "line1": "16192 Coastal Highway",
        "line2": null,
        "city": "Lewes",
        "state": "DE",
        "postal_code": "19958",
        "country": "US"
    }
}
[08-Nov-2025 01:32:01 America/Toronto] shipping.php: Shipping address saved to database for user_id: 3
[08-Nov-2025 01:32:10 America/Toronto] handle_payment.php: Received webhook - Event time: 2025-11-08 01:32:10, Payload length: 4147, Signature: t=1762583530,v1=8bc5859020766edf2c8dddccad158123e72bb6e6604df66b7c60dbef2848f1b0,v0=9e9cc59c07f26dd538c472ddc7950531e7ba8676bfc1dd1d5f150846d75585f4
[08-Nov-2025 01:32:10 America/Toronto] handle_payment.php: Webhook signature verified. Event type: charge.succeeded, Event ID: evt_3SR5gy2NRh8PlH5z0foZrXmr
[08-Nov-2025 01:32:10 America/Toronto] handle_payment.php: Unhandled event type charge.succeeded, Event ID: evt_3SR5gy2NRh8PlH5z0foZrXmr
[08-Nov-2025 01:32:10 America/Toronto] handle_payment.php: Received webhook - Event time: 2025-11-08 01:32:10, Payload length: 4182, Signature: t=1762583530,v1=0bbddbc829fab3307c3719e502dab7b2b939b6d1efef1fd2611de5820c70145d,v0=2d9500b8316b4f73699b35b7ae7d2504c1f60ee7a0d239c8b516db654fef1905
[08-Nov-2025 01:32:10 America/Toronto] handle_payment.php: Webhook signature verified. Event type: checkout.session.completed, Event ID: evt_1SR5h02NRh8PlH5z4zoROuJJ
[08-Nov-2025 01:32:10 America/Toronto] handle_payment.php: Reduced stock for product_id: 1 by 1
[08-Nov-2025 01:32:10 America/Toronto] handle_payment.php: Received webhook - Event time: 2025-11-08 01:32:10, Payload length: 2573, Signature: t=1762583530,v1=d6a787115644ef912114713df0065b97625aee8b5438b96e772e2121bf4fa4ab,v0=687fad16908e74ea43ae5282a653bb2c24872b028846ce170ce96358d1e06740
[08-Nov-2025 01:32:10 America/Toronto] handle_payment.php: Webhook signature verified. Event type: payment_intent.succeeded, Event ID: evt_3SR5gy2NRh8PlH5z0GDY7O5A
[08-Nov-2025 01:32:10 America/Toronto] handle_payment.php: Unhandled event type payment_intent.succeeded, Event ID: evt_3SR5gy2NRh8PlH5z0GDY7O5A
[08-Nov-2025 01:32:10 America/Toronto] handle_payment.php: Received webhook - Event time: 2025-11-08 01:32:10, Payload length: 1897, Signature: t=1762583530,v1=007ffc3a627204d22f7e06346e991c467307968cfc295253f5ae237ca39a9e3b,v0=83a2a1348e742fa2f0945c573f3362c42fc0fa14ed1fdac257ec4d4829a22da2
[08-Nov-2025 01:32:10 America/Toronto] handle_payment.php: Webhook signature verified. Event type: payment_intent.created, Event ID: evt_3SR5gy2NRh8PlH5z0Jae3NDj
[08-Nov-2025 01:32:10 America/Toronto] handle_payment.php: Unhandled event type payment_intent.created, Event ID: evt_3SR5gy2NRh8PlH5z0Jae3NDj
[08-Nov-2025 01:32:12 America/Toronto] send_order_email.php: User email sent for order ID 33, status: paid
[08-Nov-2025 01:32:12 America/Toronto] handle_payment.php: Received webhook - Event time: 2025-11-08 01:32:12, Payload length: 4388, Signature: t=1762583532,v1=df331273348db7e2f2a8d0e904eb77c54b1637039b98053eb737246b686072dd,v0=a117068cb3177e940580757e25c843cf31633bc2370b710f4d5e9fb954041b47
[08-Nov-2025 01:32:12 America/Toronto] handle_payment.php: Webhook signature verified. Event type: charge.updated, Event ID: evt_3SR5gy2NRh8PlH5z01zWhx1w
[08-Nov-2025 01:32:12 America/Toronto] handle_payment.php: Unhandled event type charge.updated, Event ID: evt_3SR5gy2NRh8PlH5z01zWhx1w
[08-Nov-2025 01:32:14 America/Toronto] send_order_email.php: Admin email sent for order ID 33, status: paid
[08-Nov-2025 01:32:14 America/Toronto] handle_payment.php: Success emails sent for order ID 33
[08-Nov-2025 01:32:16 America/Toronto] success.php: Order already processed for order_id: 33, session_id: cs_test_b1afloB4h5z9YCDoG6l1HRlzXpAYv2ARVVh6SLiIOU04SMUr0tZvS6hwhl
[08-Nov-2025 01:33:29 America/Toronto] check_stock.php: Session user_id: 3
[08-Nov-2025 01:33:29 America/Toronto] check_stock.php: Insufficient stock for product_id: 2, requested: 2, available: 0
[08-Nov-2025 01:33:56 America/Toronto] check_stock.php: Session user_id: 3
[08-Nov-2025 01:33:57 America/Toronto] check_shipping_address.php: Shipping address found and stored in session for user_id: 3
[08-Nov-2025 01:34:04 America/Toronto] handle_payment.php: Received webhook - Event time: 2025-11-08 01:34:04, Payload length: 4147, Signature: t=1762583644,v1=af19e70afd61a4764e1e1353413c9a046e5bbda7a45eb3b56154318c50a988af,v0=013cdc0fc31f46a7a88a72d4420804031668c9889066c091a6014279070e90fe
[08-Nov-2025 01:34:04 America/Toronto] handle_payment.php: Webhook signature verified. Event type: charge.succeeded, Event ID: evt_3SR5ip2NRh8PlH5z1l1iUVAt
[08-Nov-2025 01:34:04 America/Toronto] handle_payment.php: Unhandled event type charge.succeeded, Event ID: evt_3SR5ip2NRh8PlH5z1l1iUVAt
[08-Nov-2025 01:34:04 America/Toronto] handle_payment.php: Received webhook - Event time: 2025-11-08 01:34:04, Payload length: 2573, Signature: t=1762583644,v1=5503269198cb28b165b484aa1748414e87fae42288441b09bcdc4081f91a7891,v0=4a5425c1510a9e7499d19d84a3d77b29a85b980ea0bf7b7e715fcfec0ac0d62f
[08-Nov-2025 01:34:04 America/Toronto] handle_payment.php: Webhook signature verified. Event type: payment_intent.succeeded, Event ID: evt_3SR5ip2NRh8PlH5z1J3RBUq6
[08-Nov-2025 01:34:04 America/Toronto] handle_payment.php: Unhandled event type payment_intent.succeeded, Event ID: evt_3SR5ip2NRh8PlH5z1J3RBUq6
[08-Nov-2025 01:34:05 America/Toronto] handle_payment.php: Received webhook - Event time: 2025-11-08 01:34:05, Payload length: 1897, Signature: t=1762583644,v1=17aff4d3d737ffb7582aedf8a9eca1ff82a26c7252125598d2fea25f797603a7,v0=9460956d2c7a9ea21332ff91c40091e24b97fad144a739e4ef079b112d956771
[08-Nov-2025 01:34:05 America/Toronto] handle_payment.php: Webhook signature verified. Event type: payment_intent.created, Event ID: evt_3SR5ip2NRh8PlH5z1eEji4bY
[08-Nov-2025 01:34:05 America/Toronto] handle_payment.php: Unhandled event type payment_intent.created, Event ID: evt_3SR5ip2NRh8PlH5z1eEji4bY
[08-Nov-2025 01:34:05 America/Toronto] handle_payment.php: Received webhook - Event time: 2025-11-08 01:34:05, Payload length: 4182, Signature: t=1762583644,v1=87b97baef04cdef497e406de24078e32ab4939e9ed6ced0c55b374984c3e6a2d,v0=184cdb5e9ebd58a47ce582b55e02c005ccea855ead63b437afd498a46203d30f
[08-Nov-2025 01:34:05 America/Toronto] handle_payment.php: Webhook signature verified. Event type: checkout.session.completed, Event ID: evt_1SR5iq2NRh8PlH5zVhgwMTMa
[08-Nov-2025 01:34:05 America/Toronto] handle_payment.php: Reduced stock for product_id: 2 by 2
[08-Nov-2025 01:34:06 America/Toronto] send_order_email.php: User email sent for order ID 34, status: paid
[08-Nov-2025 01:34:07 America/Toronto] handle_payment.php: Received webhook - Event time: 2025-11-08 01:34:07, Payload length: 4388, Signature: t=1762583647,v1=9d7a6381f74a9399447c9a5a7c1f41c4ccc8bc55ef37111b869e2140746afd39,v0=08a0525a4b3ce51d16be539c936d5f513ae4a838134d5adc06c3f8afd75273b9
[08-Nov-2025 01:34:07 America/Toronto] handle_payment.php: Webhook signature verified. Event type: charge.updated, Event ID: evt_3SR5ip2NRh8PlH5z11vxjgAE
[08-Nov-2025 01:34:07 America/Toronto] handle_payment.php: Unhandled event type charge.updated, Event ID: evt_3SR5ip2NRh8PlH5z11vxjgAE
[08-Nov-2025 01:34:08 America/Toronto] send_order_email.php: Admin email sent for order ID 34, status: paid
[08-Nov-2025 01:34:08 America/Toronto] handle_payment.php: Success emails sent for order ID 34
[08-Nov-2025 01:34:10 America/Toronto] success.php: Order already processed for order_id: 34, session_id: cs_test_b1UmoteKMbVrYNpxo0mX7yitMpoHr8T0c78D2cuh5vHPEojoSdvvL37KK6
[08-Nov-2025 01:43:24 America/Toronto] check_stock.php: Session user_id: 3
[08-Nov-2025 01:43:24 America/Toronto] check_stock.php: Insufficient stock for product_id: 3, requested: 1, available: 0
[08-Nov-2025 01:43:44 America/Toronto] check_stock.php: Session user_id: 3
[08-Nov-2025 01:43:44 America/Toronto] check_shipping_address.php: Shipping address found and stored in session for user_id: 3
[08-Nov-2025 01:43:51 America/Toronto] handle_payment.php: Received webhook - Event time: 2025-11-08 01:43:51, Payload length: 4151, Signature: t=1762584231,v1=8982100887ab13a14bc5ce0960d4eeea4fe142864476dcd25e88c2dfe89ab2f9,v0=b45343c48ce869b340aa7c149d2004230cbd829bf6bfe3b3d78682568164d3a3
[08-Nov-2025 01:43:51 America/Toronto] handle_payment.php: Webhook signature verified. Event type: charge.succeeded, Event ID: evt_3SR5sI2NRh8PlH5z1C35M9as
[08-Nov-2025 01:43:51 America/Toronto] handle_payment.php: Unhandled event type charge.succeeded, Event ID: evt_3SR5sI2NRh8PlH5z1C35M9as
[08-Nov-2025 01:43:51 America/Toronto] handle_payment.php: Received webhook - Event time: 2025-11-08 01:43:51, Payload length: 2575, Signature: t=1762584231,v1=4a7699ce40423f89552e7694c70fe6f272be5b28d94a10f80e461f974e0b0190,v0=a9824b0c76df9cab8fb9d8d30e838429c0edcd05430398384b1c65679761e82c
[08-Nov-2025 01:43:51 America/Toronto] handle_payment.php: Webhook signature verified. Event type: payment_intent.succeeded, Event ID: evt_3SR5sI2NRh8PlH5z1cUKuPYD
[08-Nov-2025 01:43:51 America/Toronto] handle_payment.php: Unhandled event type payment_intent.succeeded, Event ID: evt_3SR5sI2NRh8PlH5z1cUKuPYD
[08-Nov-2025 01:43:51 America/Toronto] handle_payment.php: Received webhook - Event time: 2025-11-08 01:43:51, Payload length: 1898, Signature: t=1762584231,v1=073d52214c5607727ea0d68ba805855483bf6999379072de24222babc590d70b,v0=e815283667926d1959b68e5ccee66623b56dd505bf2ca9e10bdd9425fb0248b7
[08-Nov-2025 01:43:51 America/Toronto] handle_payment.php: Webhook signature verified. Event type: payment_intent.created, Event ID: evt_3SR5sI2NRh8PlH5z1NnAi5oX
[08-Nov-2025 01:43:51 America/Toronto] handle_payment.php: Unhandled event type payment_intent.created, Event ID: evt_3SR5sI2NRh8PlH5z1NnAi5oX
[08-Nov-2025 01:43:51 America/Toronto] handle_payment.php: Received webhook - Event time: 2025-11-08 01:43:51, Payload length: 4184, Signature: t=1762584231,v1=313deb8f0febc596f37b9e9423cbb7f85de70cebe8c1a40bca094d4574c447fc,v0=92a48a73ea2dcf379dc39716ca560f695907b7a843389b99e8ee41fe26e4ff35
[08-Nov-2025 01:43:51 America/Toronto] handle_payment.php: Webhook signature verified. Event type: checkout.session.completed, Event ID: evt_1SR5sJ2NRh8PlH5zhIxDqaTt
[08-Nov-2025 01:43:51 America/Toronto] handle_payment.php: Reduced stock for product_id: 3 by 1
[08-Nov-2025 01:43:53 America/Toronto] send_order_email.php: User email sent for order ID 35, status: paid
[08-Nov-2025 01:43:53 America/Toronto] handle_payment.php: Received webhook - Event time: 2025-11-08 01:43:53, Payload length: 4392, Signature: t=1762584233,v1=67a14a6012aa22d7143411003ef2c35d256d721f5ecf5eeb538c70e7fda4a3c1,v0=1e596112aa928b8c2615889e7878acc9289e6a265eabe0b785b78793270385f4
[08-Nov-2025 01:43:53 America/Toronto] handle_payment.php: Webhook signature verified. Event type: charge.updated, Event ID: evt_3SR5sI2NRh8PlH5z1pRmyeMh
[08-Nov-2025 01:43:53 America/Toronto] handle_payment.php: Unhandled event type charge.updated, Event ID: evt_3SR5sI2NRh8PlH5z1pRmyeMh
[08-Nov-2025 01:43:54 America/Toronto] send_order_email.php: Admin email sent for order ID 35, status: paid
[08-Nov-2025 01:43:54 America/Toronto] handle_payment.php: Success emails sent for order ID 35
[08-Nov-2025 01:43:56 America/Toronto] success.php: Order already processed for order_id: 35, session_id: cs_test_a1aXzixTL2Va2cRI6EcMAKDrzVr8FlDOOt9xMPmtvRuObunyqqMgBRzwE4
[08-Nov-2025 01:46:07 America/Toronto] check_stock.php: Session user_id: 3
[08-Nov-2025 01:46:07 America/Toronto] check_shipping_address.php: Shipping address found and stored in session for user_id: 3
[08-Nov-2025 01:46:14 America/Toronto] handle_payment.php: Received webhook - Event time: 2025-11-08 01:46:14, Payload length: 4147, Signature: t=1762584374,v1=0e414b834a8a8ebe1188cf6a985171ecbf231cddd1b5ec6b07a67d956e20c019,v0=feeb5ca36939b2ec3c149ceb4bab9d44ff3d3d66ccbe9aaecfe5086f18b220ba
[08-Nov-2025 01:46:14 America/Toronto] handle_payment.php: Webhook signature verified. Event type: charge.succeeded, Event ID: evt_3SR5ub2NRh8PlH5z068qL7Cp
[08-Nov-2025 01:46:14 America/Toronto] handle_payment.php: Unhandled event type charge.succeeded, Event ID: evt_3SR5ub2NRh8PlH5z068qL7Cp
[08-Nov-2025 01:46:14 America/Toronto] handle_payment.php: Received webhook - Event time: 2025-11-08 01:46:14, Payload length: 2573, Signature: t=1762584374,v1=f7ed0c1ac708863e304d6e316e4a315960b6647fcbae9db2dd9830c59dd998de,v0=97fed2218f6029e68e1e9cd8a2c309171b7d7f3ff724775aed73d72e83a62bbe
[08-Nov-2025 01:46:14 America/Toronto] handle_payment.php: Webhook signature verified. Event type: payment_intent.succeeded, Event ID: evt_3SR5ub2NRh8PlH5z0y96C2bZ
[08-Nov-2025 01:46:14 America/Toronto] handle_payment.php: Unhandled event type payment_intent.succeeded, Event ID: evt_3SR5ub2NRh8PlH5z0y96C2bZ
[08-Nov-2025 01:46:14 America/Toronto] handle_payment.php: Received webhook - Event time: 2025-11-08 01:46:14, Payload length: 4182, Signature: t=1762584374,v1=230dda97fe7995e60b8f6a0ac9cee9a4532c9229853d1436bb42fd7f5c06c44c,v0=2f0bc532f7f2ce686a32e36ec7fce629f223ada650682d08a29025e082f7b707
[08-Nov-2025 01:46:14 America/Toronto] handle_payment.php: Webhook signature verified. Event type: checkout.session.completed, Event ID: evt_1SR5uc2NRh8PlH5zD7o0BhSr
[08-Nov-2025 01:46:14 America/Toronto] handle_payment.php: Reduced stock for product_id: 2 by 1
[08-Nov-2025 01:46:14 America/Toronto] handle_payment.php: Received webhook - Event time: 2025-11-08 01:46:14, Payload length: 1897, Signature: t=1762584374,v1=99f007496c57ef55c01e3ac0be55630102e75434f0a47d9ecd196821bf1990e6,v0=1e48b23093e3abd525af8e4e81bb6794e2366347b07202fea1b494ed2991f6e5
[08-Nov-2025 01:46:14 America/Toronto] handle_payment.php: Webhook signature verified. Event type: payment_intent.created, Event ID: evt_3SR5ub2NRh8PlH5z0xtCqb2Z
[08-Nov-2025 01:46:14 America/Toronto] handle_payment.php: Unhandled event type payment_intent.created, Event ID: evt_3SR5ub2NRh8PlH5z0xtCqb2Z
[08-Nov-2025 01:46:16 America/Toronto] send_order_email.php: User email sent for order ID 36, status: paid
[08-Nov-2025 01:46:16 America/Toronto] handle_payment.php: Received webhook - Event time: 2025-11-08 01:46:16, Payload length: 4388, Signature: t=1762584376,v1=0c9f09d6e6d5eaac3d78a18ede94b4d1b83843e60cffd6629d7c44cb3c9d18be,v0=e33848c52df2fea93c576a7d3fe2a5781b2c916f1fb3749742a0dcb402d9dd65
[08-Nov-2025 01:46:16 America/Toronto] handle_payment.php: Webhook signature verified. Event type: charge.updated, Event ID: evt_3SR5ub2NRh8PlH5z0S6OXM4r
[08-Nov-2025 01:46:16 America/Toronto] handle_payment.php: Unhandled event type charge.updated, Event ID: evt_3SR5ub2NRh8PlH5z0S6OXM4r
[08-Nov-2025 01:46:17 America/Toronto] send_order_email.php: Admin email sent for order ID 36, status: paid
[08-Nov-2025 01:46:17 America/Toronto] handle_payment.php: Success emails sent for order ID 36
[08-Nov-2025 01:46:19 America/Toronto] success.php: Order already processed for order_id: 36, session_id: cs_test_b1Py4urMfYj4axjyE17I5MlImKjR0WbpSLuGqol0zLyqU3UQtMkxYmcoL1
[08-Nov-2025 01:52:56 America/Toronto] check_stock.php: Session user_id: 3
[08-Nov-2025 01:52:57 America/Toronto] check_shipping_address.php: Shipping address found and stored in session for user_id: 3
[08-Nov-2025 01:53:04 America/Toronto] handle_payment.php: Received webhook - Event time: 2025-11-08 01:53:04, Payload length: 4147, Signature: t=1762584784,v1=3d47e868fa899b62a585139bc46cf1159de764d6a4a4b963576f4e96c9ff4f36,v0=5ec2f474e6e2a62baa620e6183c0aabef0b208a9dd112e08e5d8f0ef6dbb40f2
[08-Nov-2025 01:53:04 America/Toronto] handle_payment.php: Webhook signature verified. Event type: charge.succeeded, Event ID: evt_3SR61D2NRh8PlH5z1Ay8Klly
[08-Nov-2025 01:53:04 America/Toronto] handle_payment.php: Unhandled event type charge.succeeded, Event ID: evt_3SR61D2NRh8PlH5z1Ay8Klly
[08-Nov-2025 01:53:04 America/Toronto] handle_payment.php: Received webhook - Event time: 2025-11-08 01:53:05, Payload length: 2573, Signature: t=1762584784,v1=cafe0546c5474c83a1fb80c86a3ac46b5dfa338be83f0d152ca40f9ed9a23182,v0=c872270b89f37b412111995e01a3a8f9542c1cf2d1406691344d9d2b99dee862
[08-Nov-2025 01:53:05 America/Toronto] handle_payment.php: Webhook signature verified. Event type: payment_intent.succeeded, Event ID: evt_3SR61D2NRh8PlH5z1wPanlAH
[08-Nov-2025 01:53:05 America/Toronto] handle_payment.php: Unhandled event type payment_intent.succeeded, Event ID: evt_3SR61D2NRh8PlH5z1wPanlAH
[08-Nov-2025 01:53:05 America/Toronto] handle_payment.php: Received webhook - Event time: 2025-11-08 01:53:05, Payload length: 4182, Signature: t=1762584784,v1=8e28899d37d65f4f8f0fb1bfb1d611693e3c8dde709a92a415f297584b4cd67d,v0=4499404a38f6bdc7f8d8060f58b3a369628c61902222a7895464fcef141fc9f3
[08-Nov-2025 01:53:05 America/Toronto] handle_payment.php: Webhook signature verified. Event type: checkout.session.completed, Event ID: evt_1SR61E2NRh8PlH5zQ6K217Nb
[08-Nov-2025 01:53:05 America/Toronto] handle_payment.php: Reduced stock for product_id: 2 by 1
[08-Nov-2025 01:53:05 America/Toronto] handle_payment.php: Received webhook - Event time: 2025-11-08 01:53:05, Payload length: 1897, Signature: t=1762584784,v1=dae6507dd084f67b4423e6269155821a0c5900290031ef0516c656a017c5b41a,v0=810e2bca3b46c3c743bffbb32145e288b083fe53034dfe6e04b9967b66e1dcbb
[08-Nov-2025 01:53:05 America/Toronto] handle_payment.php: Webhook signature verified. Event type: payment_intent.created, Event ID: evt_3SR61D2NRh8PlH5z1uR3Pjoc
[08-Nov-2025 01:53:05 America/Toronto] handle_payment.php: Unhandled event type payment_intent.created, Event ID: evt_3SR61D2NRh8PlH5z1uR3Pjoc
[08-Nov-2025 01:53:06 America/Toronto] send_order_email.php: User email sent for order ID 37, status: paid
[08-Nov-2025 01:53:07 America/Toronto] handle_payment.php: Received webhook - Event time: 2025-11-08 01:53:07, Payload length: 4388, Signature: t=1762584787,v1=1b250098ceb4d16d610202be45b31dbc444794c5a55ce4d96ac2a65cc204ee15,v0=03b2713422f115ca6d320b8b7dd012ff0e0707064b18d6d1ae17bea11f85cda2
[08-Nov-2025 01:53:07 America/Toronto] handle_payment.php: Webhook signature verified. Event type: charge.updated, Event ID: evt_3SR61D2NRh8PlH5z19ydM9pB
[08-Nov-2025 01:53:07 America/Toronto] handle_payment.php: Unhandled event type charge.updated, Event ID: evt_3SR61D2NRh8PlH5z19ydM9pB
[08-Nov-2025 01:53:08 America/Toronto] send_order_email.php: Admin email sent for order ID 37, status: paid
[08-Nov-2025 01:53:08 America/Toronto] handle_payment.php: Success emails sent for order ID 37
[08-Nov-2025 01:53:10 America/Toronto] success.php: Order already processed for order_id: 37, session_id: cs_test_b1zNttNBrzz0jDZLF0vehM5Py00xMIBUoyFMduuFxvwjbiioWtzLK565E3
[08-Nov-2025 02:04:17 America/Toronto] check_stock.php: Session user_id: 3
[08-Nov-2025 02:04:17 America/Toronto] check_shipping_address.php: Shipping address found and stored in session for user_id: 3
[08-Nov-2025 02:04:28 America/Toronto] handle_payment.php: Received webhook - Event time: 2025-11-08 02:04:28, Payload length: 4147, Signature: t=1762585468,v1=b965ca931a85d13317f7652ad5837a2e720fb7e756edaa93272a1cefc07a7613,v0=976cb049dd18b505096e7245c5410b4476c3eac06947f4f50213e7bffb0732c1
[08-Nov-2025 02:04:28 America/Toronto] handle_payment.php: Webhook signature verified. Event type: charge.succeeded, Event ID: evt_3SR6CF2NRh8PlH5z02KCpfG9
[08-Nov-2025 02:04:28 America/Toronto] handle_payment.php: Unhandled event type charge.succeeded, Event ID: evt_3SR6CF2NRh8PlH5z02KCpfG9
[08-Nov-2025 02:04:29 America/Toronto] handle_payment.php: Received webhook - Event time: 2025-11-08 02:04:29, Payload length: 2573, Signature: t=1762585468,v1=0406b12107926eb7b6d4f665569f77e9f03b327d9deb31ed211a4ec027147ab3,v0=0271bc21167578bc6731fee07c827a14a6896d3efa803b4d934eec839501d376
[08-Nov-2025 02:04:29 America/Toronto] handle_payment.php: Webhook signature verified. Event type: payment_intent.succeeded, Event ID: evt_3SR6CF2NRh8PlH5z0638GBgI
[08-Nov-2025 02:04:29 America/Toronto] handle_payment.php: Unhandled event type payment_intent.succeeded, Event ID: evt_3SR6CF2NRh8PlH5z0638GBgI
[08-Nov-2025 02:04:29 America/Toronto] handle_payment.php: Received webhook - Event time: 2025-11-08 02:04:29, Payload length: 4182, Signature: t=1762585468,v1=8969bb937b2b566e6566c5958e5e2a1c6de6295f4e53572fd4029a485b1c10dc,v0=05e47aa335ef4974c37c0d60544ae690eb45a52efe27f3d90a41290f1f2bd14a
[08-Nov-2025 02:04:29 America/Toronto] handle_payment.php: Webhook signature verified. Event type: checkout.session.completed, Event ID: evt_1SR6CG2NRh8PlH5zsWK5pOGL
[08-Nov-2025 02:04:29 America/Toronto] handle_payment.php: Reduced stock for product_id: 1 by 1
[08-Nov-2025 02:04:29 America/Toronto] handle_payment.php: Received webhook - Event time: 2025-11-08 02:04:29, Payload length: 1897, Signature: t=1762585468,v1=7997a1da67ba229ec53328e3483b04c059d6fff1dafbe1a61bf60b3d462d5cf6,v0=d2bdc336a62fccb7fe991ce74e9c8d796724fa83d02a9bb76abe89b80d0a06d9
[08-Nov-2025 02:04:29 America/Toronto] handle_payment.php: Webhook signature verified. Event type: payment_intent.created, Event ID: evt_3SR6CF2NRh8PlH5z0DGWLfnt
[08-Nov-2025 02:04:29 America/Toronto] handle_payment.php: Unhandled event type payment_intent.created, Event ID: evt_3SR6CF2NRh8PlH5z0DGWLfnt
[08-Nov-2025 02:04:30 America/Toronto] send_order_email.php: User email sent for order ID 38, status: paid
[08-Nov-2025 02:04:31 America/Toronto] handle_payment.php: Received webhook - Event time: 2025-11-08 02:04:31, Payload length: 4388, Signature: t=1762585471,v1=274b9ccc506e9a4b5af5c92f4e7964a9e3e454886daaf2e8acfde12ef5256e1f,v0=3f04120d426d42e57fd4fe92d0f1d33e2f85e4b8b41d0533f99c1ea47202197f
[08-Nov-2025 02:04:31 America/Toronto] handle_payment.php: Webhook signature verified. Event type: charge.updated, Event ID: evt_3SR6CF2NRh8PlH5z0VBJT0xw
[08-Nov-2025 02:04:31 America/Toronto] handle_payment.php: Unhandled event type charge.updated, Event ID: evt_3SR6CF2NRh8PlH5z0VBJT0xw
[08-Nov-2025 02:04:32 America/Toronto] send_order_email.php: Admin email sent for order ID 38, status: paid
[08-Nov-2025 02:04:32 America/Toronto] handle_payment.php: Success emails sent for order ID 38
[08-Nov-2025 02:04:34 America/Toronto] success.php: Order already processed for order_id: 38, session_id: cs_test_b1aWJJGO1RD4iQo1Qzt78Hx3CVwHpwv5YIE6ebrM62TEYDiECj8xnBjIV4
[08-Nov-2025 02:39:06 America/Toronto] check_stock.php: Session user_id: 3
[08-Nov-2025 02:39:06 America/Toronto] check_shipping_address.php: Shipping address found and stored in session for user_id: 3
[08-Nov-2025 02:39:14 America/Toronto] handle_payment.php: Received webhook - Event time: 2025-11-08 02:39:14, Payload length: 4146, Signature: t=1762587554,v1=d16dc50b641433a19a770786b1f46313edb65d508c349f2531d11f301a07a3cd,v0=1bb5cde25ca1692f0a5dfbecd10a18b5894ab2c5a3995721d9b6e3fde0383f8a
[08-Nov-2025 02:39:14 America/Toronto] handle_payment.php: Webhook signature verified. Event type: charge.succeeded, Event ID: evt_3SR6jt2NRh8PlH5z11dqwI3x
[08-Nov-2025 02:39:14 America/Toronto] handle_payment.php: Unhandled event type charge.succeeded, Event ID: evt_3SR6jt2NRh8PlH5z11dqwI3x
[08-Nov-2025 02:39:14 America/Toronto] handle_payment.php: Received webhook - Event time: 2025-11-08 02:39:14, Payload length: 2573, Signature: t=1762587554,v1=f34044c6d8daf7f84dd528c1c99c7967bb2bfeddd406b5520e5a2dcf26375ca7,v0=9e2c115dddfd0e40608ae16e856846bdd387e9f34e3c092f6b44d4cddc0911ee
[08-Nov-2025 02:39:14 America/Toronto] handle_payment.php: Webhook signature verified. Event type: payment_intent.succeeded, Event ID: evt_3SR6jt2NRh8PlH5z1eTXcdVX
[08-Nov-2025 02:39:14 America/Toronto] handle_payment.php: Unhandled event type payment_intent.succeeded, Event ID: evt_3SR6jt2NRh8PlH5z1eTXcdVX
[08-Nov-2025 02:39:14 America/Toronto] handle_payment.php: Received webhook - Event time: 2025-11-08 02:39:14, Payload length: 4182, Signature: t=1762587554,v1=b2005e8c20469106358d5a1937d5898f6272eb38ca5a623f27a997404d6e0a1c,v0=573281d6974e4b3ff34c2f231d058c09e72ccc0a5f27516a662972f09cf12ff9
[08-Nov-2025 02:39:14 America/Toronto] handle_payment.php: Webhook signature verified. Event type: checkout.session.completed, Event ID: evt_1SR6ju2NRh8PlH5zziQemfiS
[08-Nov-2025 02:39:14 America/Toronto] handle_payment.php: Reduced stock for product_id: 2 by 1
[08-Nov-2025 02:39:14 America/Toronto] handle_payment.php: Received webhook - Event time: 2025-11-08 02:39:14, Payload length: 1897, Signature: t=1762587554,v1=c1c20d8eedbbf628c504a9422f8adc7ab80c61e3ab4bc853e9550939616cc2a9,v0=a4744a6dd07cc70fe723ddc2f5161caadd84e7d6e3112265dae2438838638549
[08-Nov-2025 02:39:14 America/Toronto] handle_payment.php: Webhook signature verified. Event type: payment_intent.created, Event ID: evt_3SR6jt2NRh8PlH5z17fSt5on
[08-Nov-2025 02:39:14 America/Toronto] handle_payment.php: Unhandled event type payment_intent.created, Event ID: evt_3SR6jt2NRh8PlH5z17fSt5on
[08-Nov-2025 02:39:16 America/Toronto] send_order_email.php: User email sent for order ID 39, status: paid
[08-Nov-2025 02:39:17 America/Toronto] handle_payment.php: Received webhook - Event time: 2025-11-08 02:39:17, Payload length: 4387, Signature: t=1762587556,v1=fa7a00b7b4db4b9888b55eb0a2051ec2b57368b81329d688c99cc93a8325fb8b,v0=6ce52b09df824e28632a70e889b1587e1ef0201bcf7e1183be8913baa2e4f6ea
[08-Nov-2025 02:39:17 America/Toronto] handle_payment.php: Webhook signature verified. Event type: charge.updated, Event ID: evt_3SR6jt2NRh8PlH5z1QYzz6EG
[08-Nov-2025 02:39:17 America/Toronto] handle_payment.php: Unhandled event type charge.updated, Event ID: evt_3SR6jt2NRh8PlH5z1QYzz6EG
[08-Nov-2025 02:39:17 America/Toronto] send_order_email.php: Admin email sent for order ID 39, status: paid
[08-Nov-2025 02:39:17 America/Toronto] handle_payment.php: Success emails sent for order ID 39
[08-Nov-2025 02:39:20 America/Toronto] success.php: Order already processed for order_id: 39, session_id: cs_test_b1cHljmkZmFJrvmoU7qZ6lLSMGrnmUfoJ0P0iHvkN6lzSRwvKd7CcRCAiX
[08-Nov-2025 02:40:11 America/Toronto] check_stock.php: Session user_id: 3
[08-Nov-2025 02:40:12 America/Toronto] check_shipping_address.php: Shipping address found and stored in session for user_id: 3
[08-Nov-2025 02:40:19 America/Toronto] handle_payment.php: Received webhook - Event time: 2025-11-08 02:40:19, Payload length: 4147, Signature: t=1762587618,v1=65981759b906f5e8ba7c105c07bc03c02ad74d293b2d165ff922b6e1a94595e3,v0=9262cc597f7f5f1ab95f08e916df7ee9e887a7a57bd8a85a8c975c72b6ed3595
[08-Nov-2025 02:40:19 America/Toronto] handle_payment.php: Webhook signature verified. Event type: charge.succeeded, Event ID: evt_3SR6kv2NRh8PlH5z1tGqGYhM
[08-Nov-2025 02:40:19 America/Toronto] handle_payment.php: Unhandled event type charge.succeeded, Event ID: evt_3SR6kv2NRh8PlH5z1tGqGYhM
[08-Nov-2025 02:40:19 America/Toronto] handle_payment.php: Received webhook - Event time: 2025-11-08 02:40:19, Payload length: 2573, Signature: t=1762587619,v1=1561a178ba807f147b1db42b7683a1fae062053544dcb62b2c28c950807dc1b9,v0=bc454c91b9547d7351d3378fdc1aafb6fd7159e07c832673947ecc2c212393d6
[08-Nov-2025 02:40:19 America/Toronto] handle_payment.php: Webhook signature verified. Event type: payment_intent.succeeded, Event ID: evt_3SR6kv2NRh8PlH5z1JqFcuzU
[08-Nov-2025 02:40:19 America/Toronto] handle_payment.php: Unhandled event type payment_intent.succeeded, Event ID: evt_3SR6kv2NRh8PlH5z1JqFcuzU
[08-Nov-2025 02:40:19 America/Toronto] handle_payment.php: Received webhook - Event time: 2025-11-08 02:40:19, Payload length: 4182, Signature: t=1762587619,v1=6b6ae6e86fce1048689bd3a2fc2afc75a3254eb00363aca138678a740988cc1f,v0=f6b0daf8752e737cfea652514810865315bde185a7715f51df118c0cc720e435
[08-Nov-2025 02:40:19 America/Toronto] handle_payment.php: Webhook signature verified. Event type: checkout.session.completed, Event ID: evt_1SR6kw2NRh8PlH5zBxtnXAHi
[08-Nov-2025 02:40:19 America/Toronto] handle_payment.php: Reduced stock for product_id: 2 by 1
[08-Nov-2025 02:40:19 America/Toronto] handle_payment.php: Received webhook - Event time: 2025-11-08 02:40:19, Payload length: 1897, Signature: t=1762587619,v1=240f7c8e0e0147443ecb3b97e1dc41566bff1bb8d1e207ba568c777a6eaed035,v0=59b8b50615f6cf050ce3693b0a3f8e984401f6ec204d6fc914b875208f16e04f
[08-Nov-2025 02:40:19 America/Toronto] handle_payment.php: Webhook signature verified. Event type: payment_intent.created, Event ID: evt_3SR6kv2NRh8PlH5z1OtVEYEc
[08-Nov-2025 02:40:19 America/Toronto] handle_payment.php: Unhandled event type payment_intent.created, Event ID: evt_3SR6kv2NRh8PlH5z1OtVEYEc
[08-Nov-2025 02:40:20 America/Toronto] send_order_email.php: User email sent for order ID 40, status: paid
[08-Nov-2025 02:40:21 America/Toronto] handle_payment.php: Received webhook - Event time: 2025-11-08 02:40:21, Payload length: 4388, Signature: t=1762587621,v1=b2e5e6637a2e43cc15e88cb9f89a82a346f484c82f137010bd86f9587fa59275,v0=0f3d2358aee5e3fda2750e4bb3ad2f690046ebf923605e2db979697933d0bf97
[08-Nov-2025 02:40:21 America/Toronto] handle_payment.php: Webhook signature verified. Event type: charge.updated, Event ID: evt_3SR6kv2NRh8PlH5z1tNZAdgi
[08-Nov-2025 02:40:21 America/Toronto] handle_payment.php: Unhandled event type charge.updated, Event ID: evt_3SR6kv2NRh8PlH5z1tNZAdgi
[08-Nov-2025 02:40:22 America/Toronto] send_order_email.php: Admin email sent for order ID 40, status: paid
[08-Nov-2025 02:40:22 America/Toronto] handle_payment.php: Success emails sent for order ID 40
[08-Nov-2025 02:40:24 America/Toronto] success.php: Order already processed for order_id: 40, session_id: cs_test_b1xMDv4BXFFI5mEdsjOFoYXmlxB7MdkugVRLiNavMJAx98V22yKHHUiKEM
[08-Nov-2025 02:40:55 America/Toronto] check_stock.php: Session user_id: 3
[08-Nov-2025 02:40:56 America/Toronto] check_shipping_address.php: Shipping address found and stored in session for user_id: 3
[08-Nov-2025 02:41:03 America/Toronto] handle_payment.php: Received webhook - Event time: 2025-11-08 02:41:03, Payload length: 4146, Signature: t=1762587663,v1=3ae4869849d9af5da06bbe26491ae4486a66b6eeeaf5be7efb7cc6d260b91adb,v0=25bb43ffcb7ee5b0ff23e74a716a00af20a48be8b502b8cd62392cae083a085c
[08-Nov-2025 02:41:03 America/Toronto] handle_payment.php: Webhook signature verified. Event type: charge.succeeded, Event ID: evt_3SR6ld2NRh8PlH5z0ZVsAlVH
[08-Nov-2025 02:41:03 America/Toronto] handle_payment.php: Unhandled event type charge.succeeded, Event ID: evt_3SR6ld2NRh8PlH5z0ZVsAlVH
[08-Nov-2025 02:41:03 America/Toronto] handle_payment.php: Received webhook - Event time: 2025-11-08 02:41:03, Payload length: 2573, Signature: t=1762587663,v1=aaaf0a02343fa412df79a06ad88bea0f0058ee15eb00cab2811bd6b887023d75,v0=a98bd81f8c283b876214cdc5129318ee6121d872feab484333f51d29124be9fd
[08-Nov-2025 02:41:03 America/Toronto] handle_payment.php: Webhook signature verified. Event type: payment_intent.succeeded, Event ID: evt_3SR6ld2NRh8PlH5z0hqxQ2Kh
[08-Nov-2025 02:41:03 America/Toronto] handle_payment.php: Unhandled event type payment_intent.succeeded, Event ID: evt_3SR6ld2NRh8PlH5z0hqxQ2Kh
[08-Nov-2025 02:41:03 America/Toronto] handle_payment.php: Received webhook - Event time: 2025-11-08 02:41:03, Payload length: 4182, Signature: t=1762587663,v1=d353f7f80e409ad918e141b0561691f280ed723992e69bc9dfb9e803657653b9,v0=459b5c0ec47d8559d9c7cc7cd59e140c9b882c7a5e4e751331cfd5aed5deda28
[08-Nov-2025 02:41:03 America/Toronto] handle_payment.php: Webhook signature verified. Event type: checkout.session.completed, Event ID: evt_1SR6lf2NRh8PlH5zeDPjxBJ7
[08-Nov-2025 02:41:03 America/Toronto] handle_payment.php: Reduced stock for product_id: 1 by 1
[08-Nov-2025 02:41:03 America/Toronto] handle_payment.php: Received webhook - Event time: 2025-11-08 02:41:03, Payload length: 1897, Signature: t=1762587663,v1=47ec9c6e06c40a9badab3364413b206743b19834365cb8ff8f5c398f61a80319,v0=d36874084a9588dca4e21f5a94a8d8a1a4b6f7af2fa3cb7bde30600f104bc49e
[08-Nov-2025 02:41:03 America/Toronto] handle_payment.php: Webhook signature verified. Event type: payment_intent.created, Event ID: evt_3SR6ld2NRh8PlH5z0v53XkMn
[08-Nov-2025 02:41:03 America/Toronto] handle_payment.php: Unhandled event type payment_intent.created, Event ID: evt_3SR6ld2NRh8PlH5z0v53XkMn
[08-Nov-2025 02:41:05 America/Toronto] send_order_email.php: User email sent for order ID 41, status: paid
[08-Nov-2025 02:41:05 America/Toronto] handle_payment.php: Received webhook - Event time: 2025-11-08 02:41:05, Payload length: 4387, Signature: t=1762587665,v1=cccdddf66c8b425fbc2cb136c510fdeda9c879bdf9d9e868559d2be5f72fbfc6,v0=47a3608dba3ab8cb80c31ea085b26e95bb7b947e2f39908dd5a7d5155e4d1dbe
[08-Nov-2025 02:41:05 America/Toronto] handle_payment.php: Webhook signature verified. Event type: charge.updated, Event ID: evt_3SR6ld2NRh8PlH5z0nsTehjW
[08-Nov-2025 02:41:05 America/Toronto] handle_payment.php: Unhandled event type charge.updated, Event ID: evt_3SR6ld2NRh8PlH5z0nsTehjW
[08-Nov-2025 02:41:06 America/Toronto] send_order_email.php: Admin email sent for order ID 41, status: paid
[08-Nov-2025 02:41:06 America/Toronto] handle_payment.php: Success emails sent for order ID 41
[08-Nov-2025 02:41:09 America/Toronto] success.php: Order already processed for order_id: 41, session_id: cs_test_b1fTo0B7j2EMle68pPA1jNegf3fyGCG553AYxM2LBNsXbdc2kfwvx1Gemm
[08-Nov-2025 02:48:41 America/Toronto] check_stock.php: Session user_id: 3
[08-Nov-2025 02:48:42 America/Toronto] check_shipping_address.php: Shipping address found and stored in session for user_id: 3
[08-Nov-2025 02:48:51 America/Toronto] handle_payment.php: Received webhook - Event time: 2025-11-08 02:48:51, Payload length: 4147, Signature: t=1762588130,v1=f6497335c32b4bfa293dc20e352a13c864d4370f927bb99c0754bac2ab47b3c0,v0=9878797265eab5c412313907697b2ac90103cefa113cc0e9cc0ffb3e1cedaf93
[08-Nov-2025 02:48:51 America/Toronto] handle_payment.php: Received webhook - Event time: 2025-11-08 02:48:51, Payload length: 1897, Signature: t=1762588131,v1=f95f294da21201df73e2fb2f0aca40a4966172a9797af63b14a4813fb69ff316,v0=84230feee2278761d158f5e5034d5486363cd8fb4d9c176b5e7b12f4fe2236cd
[08-Nov-2025 02:48:51 America/Toronto] handle_payment.php: Received webhook - Event time: 2025-11-08 02:48:51, Payload length: 2573, Signature: t=1762588130,v1=9708974182e5ed2dafc7a70d1346bd97e03bca42f37d3f8cd2a031058ad032c6,v0=af1df329e774ce5fd66c5c663ea805ed2b6ec7712cb8fa5794fa95010cfc53f9
[08-Nov-2025 02:48:51 America/Toronto] handle_payment.php: Received webhook - Event time: 2025-11-08 02:48:51, Payload length: 4182, Signature: t=1762588131,v1=598146a963dab84272b45cbf23a364bb38dda0a26e2dfee8f924fe0865a7e65f,v0=05e22529522cff95ae5807f8e141f28295f57a504c1ec502e5721767f1765e57
[08-Nov-2025 02:48:51 America/Toronto] handle_payment.php: Webhook signature verified. Event type: charge.succeeded, Event ID: evt_3SR6tB2NRh8PlH5z1wrbtnsE
[08-Nov-2025 02:48:51 America/Toronto] handle_payment.php: Unhandled event type charge.succeeded, Event ID: evt_3SR6tB2NRh8PlH5z1wrbtnsE
[08-Nov-2025 02:48:51 America/Toronto] handle_payment.php: Webhook signature verified. Event type: payment_intent.succeeded, Event ID: evt_3SR6tB2NRh8PlH5z1MyBEKdz
[08-Nov-2025 02:48:51 America/Toronto] handle_payment.php: Unhandled event type payment_intent.succeeded, Event ID: evt_3SR6tB2NRh8PlH5z1MyBEKdz
[08-Nov-2025 02:48:51 America/Toronto] handle_payment.php: Webhook signature verified. Event type: payment_intent.created, Event ID: evt_3SR6tB2NRh8PlH5z1grkDvlL
[08-Nov-2025 02:48:51 America/Toronto] handle_payment.php: Webhook signature verified. Event type: checkout.session.completed, Event ID: evt_1SR6tC2NRh8PlH5zO70w8jFi
[08-Nov-2025 02:48:51 America/Toronto] handle_payment.php: Unhandled event type payment_intent.created, Event ID: evt_3SR6tB2NRh8PlH5z1grkDvlL
[08-Nov-2025 02:48:51 America/Toronto] handle_payment.php: Reduced stock for product_id: 2 by 1
[08-Nov-2025 02:48:53 America/Toronto] send_order_email.php: User email sent for order ID 42, status: paid
[08-Nov-2025 02:48:53 America/Toronto] handle_payment.php: Received webhook - Event time: 2025-11-08 02:48:53, Payload length: 4388, Signature: t=1762588133,v1=27f374c3d854a1164fd8ce7459c0296d9e9aac73b2e3f5d055d17f249e14474d,v0=a07c91a4dd711001d45c31dd2115846603e20e24d19706a1f246e1d7bb8e339b
[08-Nov-2025 02:48:53 America/Toronto] handle_payment.php: Webhook signature verified. Event type: charge.updated, Event ID: evt_3SR6tB2NRh8PlH5z1H4ggKUT
[08-Nov-2025 02:48:53 America/Toronto] handle_payment.php: Unhandled event type charge.updated, Event ID: evt_3SR6tB2NRh8PlH5z1H4ggKUT
[08-Nov-2025 02:48:54 America/Toronto] send_order_email.php: Admin email sent for order ID 42, status: paid
[08-Nov-2025 02:48:54 America/Toronto] handle_payment.php: Success emails sent for order ID 42
[08-Nov-2025 02:48:56 America/Toronto] success.php: Order already processed for order_id: 42, session_id: cs_test_b15f17Y6xDTUpgPLBKON1zrb4q0RFPzd64tSdIRHXmLqhygvzBEHPjeWez
[08-Nov-2025 02:57:29 America/Toronto] check_stock.php: Session user_id: 3
[08-Nov-2025 02:57:29 America/Toronto] check_stock.php: Insufficient stock for product_id: 2, requested: 1, available: 0
[08-Nov-2025 02:58:19 America/Toronto] check_stock.php: Session user_id: 3
[08-Nov-2025 02:58:19 America/Toronto] check_shipping_address.php: Shipping address found and stored in session for user_id: 3
[08-Nov-2025 02:58:28 America/Toronto] handle_payment.php: Received webhook - Event time: 2025-11-08 02:58:28, Payload length: 4147, Signature: t=1762588708,v1=e99094078e72822fcad6a1c430d6ef6947c2bc8a426597b9d948d6ad1fc80e86,v0=3d347fb38af31575fcf40c7d49d24af16ce472d490af3910dd55a0a1d06ddc3b
[08-Nov-2025 02:58:28 America/Toronto] handle_payment.php: Webhook signature verified. Event type: charge.succeeded, Event ID: evt_3SR72V2NRh8PlH5z0Fvwluu8
[08-Nov-2025 02:58:28 America/Toronto] handle_payment.php: Unhandled event type charge.succeeded, Event ID: evt_3SR72V2NRh8PlH5z0Fvwluu8
[08-Nov-2025 02:58:29 America/Toronto] handle_payment.php: Received webhook - Event time: 2025-11-08 02:58:29, Payload length: 2573, Signature: t=1762588708,v1=deb2430670072b2dff28dbfefbc6924ed055d69b41ee537f8aad0a6ac648485d,v0=da56071777b821322328cd24656a0dbdbf9e5fb0a3efd80325e49fbe669b2f41
[08-Nov-2025 02:58:29 America/Toronto] handle_payment.php: Webhook signature verified. Event type: payment_intent.succeeded, Event ID: evt_3SR72V2NRh8PlH5z0jjsqZGe
[08-Nov-2025 02:58:29 America/Toronto] handle_payment.php: Unhandled event type payment_intent.succeeded, Event ID: evt_3SR72V2NRh8PlH5z0jjsqZGe
[08-Nov-2025 02:58:29 America/Toronto] handle_payment.php: Received webhook - Event time: 2025-11-08 02:58:29, Payload length: 4182, Signature: t=1762588708,v1=f3cab8c9fb31b89e4bc5a08e41f2b009bd2e9b3697081e765346830771cdf8ef,v0=065dc706f94bdf1edeb4d9360ecfeaa386f0aaf567cbd7a3fa4aa8b0a2394416
[08-Nov-2025 02:58:29 America/Toronto] handle_payment.php: Webhook signature verified. Event type: checkout.session.completed, Event ID: evt_1SR72W2NRh8PlH5zPF4bV6rQ
[08-Nov-2025 02:58:29 America/Toronto] handle_payment.php: Reduced stock for product_id: 2 by 1
[08-Nov-2025 02:58:29 America/Toronto] handle_payment.php: Received webhook - Event time: 2025-11-08 02:58:29, Payload length: 1897, Signature: t=1762588708,v1=181308c0c4411773199fb52f2fdedc5f13c300465da34ffa63763fe7564bcc7d,v0=fee4f197db221a778fadae838baa8cd2fbd4cb220cd0c752275ba4af861f90d5
[08-Nov-2025 02:58:29 America/Toronto] handle_payment.php: Webhook signature verified. Event type: payment_intent.created, Event ID: evt_3SR72V2NRh8PlH5z0AsKFlWk
[08-Nov-2025 02:58:29 America/Toronto] handle_payment.php: Unhandled event type payment_intent.created, Event ID: evt_3SR72V2NRh8PlH5z0AsKFlWk
[08-Nov-2025 02:58:30 America/Toronto] send_order_email.php: User email sent for order ID 43, status: paid
[08-Nov-2025 02:58:31 America/Toronto] handle_payment.php: Received webhook - Event time: 2025-11-08 02:58:31, Payload length: 4388, Signature: t=1762588711,v1=40d6a9862030006664eba9ffc5ecbb49d5e1880581586cbec4a045cb71fd2266,v0=a9d4587a88e734079d5b3a6dca5edc780dd0d0334809adb83d311cd00e5d99bd
[08-Nov-2025 02:58:31 America/Toronto] handle_payment.php: Webhook signature verified. Event type: charge.updated, Event ID: evt_3SR72V2NRh8PlH5z0Gix8J1v
[08-Nov-2025 02:58:31 America/Toronto] handle_payment.php: Unhandled event type charge.updated, Event ID: evt_3SR72V2NRh8PlH5z0Gix8J1v
[08-Nov-2025 02:58:32 America/Toronto] send_order_email.php: Admin email sent for order ID 43, status: paid
[08-Nov-2025 02:58:32 America/Toronto] handle_payment.php: Success emails sent for order ID 43
[08-Nov-2025 02:58:35 America/Toronto] success.php: Order already processed for order_id: 43, session_id: cs_test_b16c8i1sbAE0R1sTPumZnBtzugi3uKs24CSmUVRePIT7Mnwrqdh43I7Ah9
[08-Nov-2025 03:13:32 America/Toronto] check_stock.php: Session user_id: 3
[08-Nov-2025 03:13:32 America/Toronto] check_shipping_address.php: Shipping address found and stored in session for user_id: 3
[08-Nov-2025 03:13:41 America/Toronto] handle_payment.php: Received webhook - Event time: 2025-11-08 03:13:41, Payload length: 4146, Signature: t=1762589621,v1=e7ec2baf98ba707aefb63094859f7bd3cc8ca990e0ccff6f0be8b1a6a736f352,v0=076ae04b3a4de7af2b73a7be61cd0ccc45fa4d49497e0a55cebdcb1555b5e7e3
[08-Nov-2025 03:13:41 America/Toronto] handle_payment.php: Webhook signature verified. Event type: charge.succeeded, Event ID: evt_3SR7HD2NRh8PlH5z1rvsWTNQ
[08-Nov-2025 03:13:41 America/Toronto] handle_payment.php: Unhandled event type charge.succeeded, Event ID: evt_3SR7HD2NRh8PlH5z1rvsWTNQ
[08-Nov-2025 03:13:41 America/Toronto] handle_payment.php: Received webhook - Event time: 2025-11-08 03:13:41, Payload length: 2573, Signature: t=1762589621,v1=1fca6a29bba9b4d723325025107067cfcff64e71e84489f23bc6c3621f7d599d,v0=d32bb45fc661a4021f5583beca158ae13125c636d7af4b8a0c7ff5ab9a4c1755
[08-Nov-2025 03:13:41 America/Toronto] handle_payment.php: Webhook signature verified. Event type: payment_intent.succeeded, Event ID: evt_3SR7HD2NRh8PlH5z160lGwec
[08-Nov-2025 03:13:41 America/Toronto] handle_payment.php: Unhandled event type payment_intent.succeeded, Event ID: evt_3SR7HD2NRh8PlH5z160lGwec
[08-Nov-2025 03:13:41 America/Toronto] handle_payment.php: Received webhook - Event time: 2025-11-08 03:13:41, Payload length: 1897, Signature: t=1762589621,v1=c06465689ca08205c1f106196c4463c7c6dda611648de4d2000cd8e30b25c558,v0=a61cd9488a9d9a58d92536030cf715e02f16742ad41432b8264c060abbda9308
[08-Nov-2025 03:13:41 America/Toronto] handle_payment.php: Webhook signature verified. Event type: payment_intent.created, Event ID: evt_3SR7HD2NRh8PlH5z1hXRtEP3
[08-Nov-2025 03:13:41 America/Toronto] handle_payment.php: Received webhook - Event time: 2025-11-08 03:13:41, Payload length: 4182, Signature: t=1762589621,v1=23d0f667a7aa4f2d39026b661c28f4be7dff95355e8e9fa0787557cd0c3095cd,v0=cc9bdd861ff5243b90e98418f691129e1e976b8c92b9185a7eaed8fd247f1f9f
[08-Nov-2025 03:13:41 America/Toronto] handle_payment.php: Unhandled event type payment_intent.created, Event ID: evt_3SR7HD2NRh8PlH5z1hXRtEP3
[08-Nov-2025 03:13:41 America/Toronto] handle_payment.php: Webhook signature verified. Event type: checkout.session.completed, Event ID: evt_1SR7HF2NRh8PlH5zSBsrtHxE
[08-Nov-2025 03:13:41 America/Toronto] handle_payment.php: Unexpected error - SQLSTATE[42S22]: Column not found: 1054 Unknown column 'oi.price_at_order' in 'SELECT'
[08-Nov-2025 03:13:44 America/Toronto] handle_payment.php: Received webhook - Event time: 2025-11-08 03:13:44, Payload length: 4387, Signature: t=1762589624,v1=252b4f3cb7ae7fa048e069b644f652077931881a612d279b9b96c44be68b6efd,v0=71e39e815a05dba4aa059e3ccd848c684d88745631109881247b22e4d9ed55fe
[08-Nov-2025 03:13:44 America/Toronto] handle_payment.php: Webhook signature verified. Event type: charge.updated, Event ID: evt_3SR7HD2NRh8PlH5z1AiIG3uo
[08-Nov-2025 03:13:44 America/Toronto] handle_payment.php: Unhandled event type charge.updated, Event ID: evt_3SR7HD2NRh8PlH5z1AiIG3uo
[08-Nov-2025 03:13:53 America/Toronto] success.php: Updated order_id: 44 to paid (fallback)
[08-Nov-2025 03:13:55 America/Toronto] handle_payment.php: Received webhook - Event time: 2025-11-08 03:13:55, Payload length: 4182, Signature: t=1762589635,v1=66460a217f769b5ee38a921ed65f69006a1412db7d2c859aa9ec8e149d4b8893,v0=395f72a3e5b616a4d4d63d3c7f7cfd6c1dacfc9b6b9daf92ed0927e511c93426
[08-Nov-2025 03:13:55 America/Toronto] handle_payment.php: Webhook signature verified. Event type: checkout.session.completed, Event ID: evt_1SR7HF2NRh8PlH5zSBsrtHxE
[08-Nov-2025 03:13:55 America/Toronto] handle_payment.php: Event ID evt_1SR7HF2NRh8PlH5zSBsrtHxE already processed, skipping
[08-Nov-2025 03:14:55 America/Toronto] check_stock.php: Session user_id: 3
[08-Nov-2025 03:14:55 America/Toronto] check_shipping_address.php: Shipping address found and stored in session for user_id: 3
[08-Nov-2025 03:15:04 America/Toronto] handle_payment.php: Received webhook - Event time: 2025-11-08 03:15:04, Payload length: 4147, Signature: t=1762589704,v1=f6bdc21c90246eb00e31c934c804ed3267270296fb86dfbb0e8ed75173ff296a,v0=63230190f3c0ada17571a9b885bf9ccedb78e0972ae1a785b685276bcd3b1738
[08-Nov-2025 03:15:04 America/Toronto] handle_payment.php: Webhook signature verified. Event type: charge.succeeded, Event ID: evt_3SR7IZ2NRh8PlH5z0duRXLS1
[08-Nov-2025 03:15:04 America/Toronto] handle_payment.php: Unhandled event type charge.succeeded, Event ID: evt_3SR7IZ2NRh8PlH5z0duRXLS1
[08-Nov-2025 03:15:04 America/Toronto] handle_payment.php: Received webhook - Event time: 2025-11-08 03:15:04, Payload length: 4182, Signature: t=1762589704,v1=86d21e2f16e3d412b6ae95c8f87dd87812adc78ee79c864eda5eaa286909cdd7,v0=b337efb93b7f90498c13d329a916a871215d938b5b1e2bf8374ecf125445c56d
[08-Nov-2025 03:15:04 America/Toronto] handle_payment.php: Webhook signature verified. Event type: checkout.session.completed, Event ID: evt_1SR7Ia2NRh8PlH5zLyN8Nnvs
[08-Nov-2025 03:15:04 America/Toronto] handle_payment.php: Unexpected error - SQLSTATE[42S22]: Column not found: 1054 Unknown column 'oi.price_at_order' in 'SELECT'
[08-Nov-2025 03:15:04 America/Toronto] handle_payment.php: Received webhook - Event time: 2025-11-08 03:15:04, Payload length: 2573, Signature: t=1762589704,v1=2f01b44aeb38c947f3136d06b20c2fa98afff89a8ade54feeb5b553dc751c302,v0=b679362caaee7fe36b99c427c200a212349fc75e28ff3357a2c4a4fcff0fd1da
[08-Nov-2025 03:15:04 America/Toronto] handle_payment.php: Webhook signature verified. Event type: payment_intent.succeeded, Event ID: evt_3SR7IZ2NRh8PlH5z0UHUDiMQ
[08-Nov-2025 03:15:04 America/Toronto] handle_payment.php: Unhandled event type payment_intent.succeeded, Event ID: evt_3SR7IZ2NRh8PlH5z0UHUDiMQ
[08-Nov-2025 03:15:04 America/Toronto] handle_payment.php: Received webhook - Event time: 2025-11-08 03:15:04, Payload length: 1897, Signature: t=1762589704,v1=e930ef2f1587f9f290017f3f1b984b96e43e7ed7573e85bb1ad4dbb4fbabf970,v0=d89b87bde34865582174084dd24149aefe4338536e2777ef36d3fe0369ded518
[08-Nov-2025 03:15:04 America/Toronto] handle_payment.php: Webhook signature verified. Event type: payment_intent.created, Event ID: evt_3SR7IZ2NRh8PlH5z0F7XqN9S
[08-Nov-2025 03:15:04 America/Toronto] handle_payment.php: Unhandled event type payment_intent.created, Event ID: evt_3SR7IZ2NRh8PlH5z0F7XqN9S
[08-Nov-2025 03:15:06 America/Toronto] handle_payment.php: Received webhook - Event time: 2025-11-08 03:15:06, Payload length: 4388, Signature: t=1762589706,v1=2f30edb03238755c34e2aecd2ae61ceeacd0677efcdb05d64cffce93c4547fbc,v0=dbbd0c7b92076b110fe9095be6d98afd71426530ac73a385c38955e2ed4ebd66
[08-Nov-2025 03:15:06 America/Toronto] handle_payment.php: Webhook signature verified. Event type: charge.updated, Event ID: evt_3SR7IZ2NRh8PlH5z0k0Go1Ti
[08-Nov-2025 03:15:06 America/Toronto] handle_payment.php: Unhandled event type charge.updated, Event ID: evt_3SR7IZ2NRh8PlH5z0k0Go1Ti
[08-Nov-2025 03:15:15 America/Toronto] success.php: Updated order_id: 45 to paid (fallback)
[08-Nov-2025 03:18:33 America/Toronto] check_stock.php: Session user_id: 3
[08-Nov-2025 03:18:33 America/Toronto] check_shipping_address.php: Shipping address found and stored in session for user_id: 3
[08-Nov-2025 03:18:41 America/Toronto] handle_payment.php: Received webhook - Event time: 2025-11-08 03:18:41, Payload length: 4147, Signature: t=1762589921,v1=90ddd50c94f10e2b673c69f9be9c7a8337257aff5f99faa8fbe5e11b562c700d,v0=9ffc0bdbdbd7b03f9fb363f6bdcd721b8b7a05e3238ee3e6cdeed6b43ede0c14
[08-Nov-2025 03:18:41 America/Toronto] handle_payment.php: Webhook signature verified. Event type: charge.succeeded, Event ID: evt_3SR7M42NRh8PlH5z0rNSuWWj
[08-Nov-2025 03:18:41 America/Toronto] handle_payment.php: Unhandled event type charge.succeeded, Event ID: evt_3SR7M42NRh8PlH5z0rNSuWWj
[08-Nov-2025 03:18:41 America/Toronto] handle_payment.php: Received webhook - Event time: 2025-11-08 03:18:41, Payload length: 2573, Signature: t=1762589921,v1=fda4b1a6f9ce6b619190993148be2d4cacfe922f67aed7b7526045b5268ad05a,v0=fd027ba4ab70d8e389a3ccce7739fcc06a3451ce67bed699ef76f23f88419296
[08-Nov-2025 03:18:41 America/Toronto] handle_payment.php: Webhook signature verified. Event type: payment_intent.succeeded, Event ID: evt_3SR7M42NRh8PlH5z0KqDdeaD
[08-Nov-2025 03:18:41 America/Toronto] handle_payment.php: Unhandled event type payment_intent.succeeded, Event ID: evt_3SR7M42NRh8PlH5z0KqDdeaD
[08-Nov-2025 03:18:41 America/Toronto] handle_payment.php: Received webhook - Event time: 2025-11-08 03:18:41, Payload length: 4182, Signature: t=1762589921,v1=76e29c188f197b3046cbfa9e17f46aa515f6855c320e59c490ba31d31e2f8fbf,v0=60b2724bf18f83a19c81dc8390adc3f116fabf773401b092b6df71eec4ddaa45
[08-Nov-2025 03:18:41 America/Toronto] handle_payment.php: Received webhook - Event time: 2025-11-08 03:18:41, Payload length: 1897, Signature: t=1762589921,v1=0e0043b5cd65014b8fc62694d35d9c23560c0b95c888331839934d9120bc84c7,v0=5bbd19631868b2120373c9580893bea922ecd3a8f8ef1d53e69f4cbf31cc4938
[08-Nov-2025 03:18:41 America/Toronto] handle_payment.php: Webhook signature verified. Event type: checkout.session.completed, Event ID: evt_1SR7M52NRh8PlH5zJNjcEN83
[08-Nov-2025 03:18:41 America/Toronto] handle_payment.php: Webhook signature verified. Event type: payment_intent.created, Event ID: evt_3SR7M42NRh8PlH5z0kfLoYJm
[08-Nov-2025 03:18:41 America/Toronto] handle_payment.php: Unhandled event type payment_intent.created, Event ID: evt_3SR7M42NRh8PlH5z0kfLoYJm
[08-Nov-2025 03:18:41 America/Toronto] handle_payment.php: Unexpected error - SQLSTATE[42S22]: Column not found: 1054 Unknown column 'o.shipping_cost' in 'SELECT'
[08-Nov-2025 03:18:44 America/Toronto] handle_payment.php: Received webhook - Event time: 2025-11-08 03:18:44, Payload length: 4388, Signature: t=1762589924,v1=4129d04e953669c537e18d9a6f75ab7e38a6a699d994e18610a2827fdf679cbd,v0=66859aa79c395522218badfd9e2f2ecd816d0802578f6f53e82bcf967da1950e
[08-Nov-2025 03:18:44 America/Toronto] handle_payment.php: Webhook signature verified. Event type: charge.updated, Event ID: evt_3SR7M42NRh8PlH5z0v7MRz2z
[08-Nov-2025 03:18:44 America/Toronto] handle_payment.php: Unhandled event type charge.updated, Event ID: evt_3SR7M42NRh8PlH5z0v7MRz2z
[08-Nov-2025 03:18:53 America/Toronto] success.php: Updated order_id: 46 to paid (fallback)
[08-Nov-2025 03:27:27 America/Toronto] check_stock.php: Session user_id: 3
[08-Nov-2025 03:27:27 America/Toronto] check_shipping_address.php: Shipping address found and stored in session for user_id: 3
[08-Nov-2025 03:27:34 America/Toronto] handle_payment.php: Received webhook - Event time: 2025-11-08 03:27:34, Payload length: 4147, Signature: t=1762590454,v1=d607b411dd1ba4c4b7e5af525d55ef02e6b9a7cadf8c7dde80c3f25db2b83f09,v0=f07579e44e60dd1f9be1b815654703eefad0eccb91cc1bb8ea83c7d61892a183
[08-Nov-2025 03:27:34 America/Toronto] handle_payment.php: Webhook signature verified. Event type: charge.succeeded, Event ID: evt_3SR7Uf2NRh8PlH5z1ZJPpRib
[08-Nov-2025 03:27:34 America/Toronto] handle_payment.php: Unhandled event type charge.succeeded, Event ID: evt_3SR7Uf2NRh8PlH5z1ZJPpRib
[08-Nov-2025 03:27:35 America/Toronto] handle_payment.php: Received webhook - Event time: 2025-11-08 03:27:35, Payload length: 4182, Signature: t=1762590454,v1=2b6f4a88ce320210be8c6c01cc0b433452c3d5be6e115221f509451875e4f908,v0=d005f2b52ee3c28fee720a826a4f10fdebb34893974ce32ed60259985fc05dff
[08-Nov-2025 03:27:35 America/Toronto] handle_payment.php: Received webhook - Event time: 2025-11-08 03:27:35, Payload length: 2573, Signature: t=1762590454,v1=95b586c5f030287a6776c7808c0bfac6c4831d2b07c60cc029de8346a445c5dd,v0=e1f2c42af4646efaff060762fd34de2fee219bbbd467476bf049a89a4711fa1b
[08-Nov-2025 03:27:35 America/Toronto] handle_payment.php: Received webhook - Event time: 2025-11-08 03:27:35, Payload length: 1897, Signature: t=1762590454,v1=35d2b58634e8a3f146b51cf53de279be5c6642084e20a87d05c452937f853ef7,v0=3c773ea04d851583032ad1ec2f1e08d6c4d66d66c86cc6400c327002c970ac78
[08-Nov-2025 03:27:35 America/Toronto] handle_payment.php: Webhook signature verified. Event type: checkout.session.completed, Event ID: evt_1SR7Ug2NRh8PlH5zEvnQjOWx
[08-Nov-2025 03:27:35 America/Toronto] handle_payment.php: Unexpected error - SQLSTATE[42S22]: Column not found: 1054 Unknown column 'o.shipping_cost' in 'SELECT'
[08-Nov-2025 03:27:35 America/Toronto] handle_payment.php: Webhook signature verified. Event type: payment_intent.succeeded, Event ID: evt_3SR7Uf2NRh8PlH5z1ZwTMdLY
[08-Nov-2025 03:27:35 America/Toronto] handle_payment.php: Unhandled event type payment_intent.succeeded, Event ID: evt_3SR7Uf2NRh8PlH5z1ZwTMdLY
[08-Nov-2025 03:27:35 America/Toronto] handle_payment.php: Webhook signature verified. Event type: payment_intent.created, Event ID: evt_3SR7Uf2NRh8PlH5z1uEi9Bfp
[08-Nov-2025 03:27:35 America/Toronto] handle_payment.php: Unhandled event type payment_intent.created, Event ID: evt_3SR7Uf2NRh8PlH5z1uEi9Bfp
[08-Nov-2025 03:27:37 America/Toronto] handle_payment.php: Received webhook - Event time: 2025-11-08 03:27:37, Payload length: 4388, Signature: t=1762590457,v1=39ecfdb5834749ceea989f7c816aa9f175efb8bdf7b1b46d9c6882d738b4cd5c,v0=42126916c7f2cdfb989144b0c731ffd0ebafd1c7bd4b06d573415735b3405b30
[08-Nov-2025 03:27:37 America/Toronto] handle_payment.php: Webhook signature verified. Event type: charge.updated, Event ID: evt_3SR7Uf2NRh8PlH5z1HFMoa2h
[08-Nov-2025 03:27:37 America/Toronto] handle_payment.php: Unhandled event type charge.updated, Event ID: evt_3SR7Uf2NRh8PlH5z1HFMoa2h
[08-Nov-2025 03:27:46 America/Toronto] success.php: Updated order_id: 47 to paid (fallback)
[08-Nov-2025 03:30:27 America/Toronto] check_stock.php: Session user_id: 3
[08-Nov-2025 03:30:27 America/Toronto] check_shipping_address.php: Shipping address found and stored in session for user_id: 3
[08-Nov-2025 03:30:34 America/Toronto] handle_payment.php: Received webhook - Event time: 2025-11-08 03:30:34, Payload length: 4147, Signature: t=1762590634,v1=1c24d215c10de84381ceea1a6fbacb1b6f867c2e182a6f048f764634b1b68c0d,v0=d2fdfb5d937f84f2aa24d3b77dc96e988685ff3f30377165b9a5f5418bdede94
[08-Nov-2025 03:30:34 America/Toronto] handle_payment.php: Webhook signature verified. Event type: charge.succeeded, Event ID: evt_3SR7XZ2NRh8PlH5z1SeUnXuG
[08-Nov-2025 03:30:34 America/Toronto] handle_payment.php: Unhandled event type charge.succeeded, Event ID: evt_3SR7XZ2NRh8PlH5z1SeUnXuG
[08-Nov-2025 03:30:34 America/Toronto] handle_payment.php: Received webhook - Event time: 2025-11-08 03:30:34, Payload length: 2573, Signature: t=1762590634,v1=d77d55e0df7e17f23b2609dd8770617c1ecf8bc6558075269d01e72cf7004406,v0=451b7f14d3c54873ce588b4acdb117a5b2549820ed6cbf49ab0b0e817436cbc0
[08-Nov-2025 03:30:34 America/Toronto] handle_payment.php: Webhook signature verified. Event type: payment_intent.succeeded, Event ID: evt_3SR7XZ2NRh8PlH5z1jSnb6XV
[08-Nov-2025 03:30:34 America/Toronto] handle_payment.php: Received webhook - Event time: 2025-11-08 03:30:34, Payload length: 4182, Signature: t=1762590634,v1=0a3ba5d0536021fdc916e31879ab4157b4b8dd657aa4fd5fafd3cc803d3cd780,v0=561fd5aa1b44edce77e5ca27ded35e3fe011e477069a4bf2e64a9480203da85a
[08-Nov-2025 03:30:34 America/Toronto] handle_payment.php: Unhandled event type payment_intent.succeeded, Event ID: evt_3SR7XZ2NRh8PlH5z1jSnb6XV
[08-Nov-2025 03:30:34 America/Toronto] handle_payment.php: Webhook signature verified. Event type: checkout.session.completed, Event ID: evt_1SR7Xa2NRh8PlH5zXAbP8pBn
[08-Nov-2025 03:30:34 America/Toronto] handle_payment.php: Unexpected error - SQLSTATE[42S22]: Column not found: 1054 Unknown column 'o.shipping_cost' in 'SELECT'
[08-Nov-2025 03:30:34 America/Toronto] handle_payment.php: Received webhook - Event time: 2025-11-08 03:30:34, Payload length: 1897, Signature: t=1762590634,v1=e12ea8f18f1607ea147beaec31ccc1febe1405c3221de308fef3577579c1ba07,v0=8d3342398b43f5b8222aeb5359606651f3f9c2a2dc86dca06b51f257c4116bdf
[08-Nov-2025 03:30:34 America/Toronto] handle_payment.php: Webhook signature verified. Event type: payment_intent.created, Event ID: evt_3SR7XZ2NRh8PlH5z1QXKGdNX
[08-Nov-2025 03:30:34 America/Toronto] handle_payment.php: Unhandled event type payment_intent.created, Event ID: evt_3SR7XZ2NRh8PlH5z1QXKGdNX
[08-Nov-2025 03:30:36 America/Toronto] handle_payment.php: Received webhook - Event time: 2025-11-08 03:30:36, Payload length: 4388, Signature: t=1762590636,v1=01efb217f0e9c4f8c35f26c225b4f9bde100deeddcbae0060dc300262891c8d4,v0=da3fb75d046b011ec407ca3c0c361d8546478324cefcd415a92cdfd11d5ef66a
[08-Nov-2025 03:30:36 America/Toronto] handle_payment.php: Webhook signature verified. Event type: charge.updated, Event ID: evt_3SR7XZ2NRh8PlH5z1UalnnNK
[08-Nov-2025 03:30:36 America/Toronto] handle_payment.php: Unhandled event type charge.updated, Event ID: evt_3SR7XZ2NRh8PlH5z1UalnnNK
[08-Nov-2025 03:30:46 America/Toronto] success.php: Updated order_id: 48 to paid (fallback)
[08-Nov-2025 03:31:45 America/Toronto] check_stock.php: Session user_id: 3
[08-Nov-2025 03:31:45 America/Toronto] check_shipping_address.php: Shipping address found and stored in session for user_id: 3
[08-Nov-2025 03:31:53 America/Toronto] handle_payment.php: Received webhook - Event time: 2025-11-08 03:31:53, Payload length: 4146, Signature: t=1762590713,v1=55fcecf4756f6f00e7d5afbe51328f3aa84db5dce2f0278e9738f35b723083f2,v0=7e5f66c725c2858783e6e1922918dcc4f0219cde88c14f7fc5afeb4809966763
[08-Nov-2025 03:31:53 America/Toronto] handle_payment.php: Webhook signature verified. Event type: charge.succeeded, Event ID: evt_3SR7Yq2NRh8PlH5z09V6eevR
[08-Nov-2025 03:31:53 America/Toronto] handle_payment.php: Unhandled event type charge.succeeded, Event ID: evt_3SR7Yq2NRh8PlH5z09V6eevR
[08-Nov-2025 03:31:53 America/Toronto] handle_payment.php: Received webhook - Event time: 2025-11-08 03:31:53, Payload length: 2573, Signature: t=1762590713,v1=88918234453e8c7542cdd6f5c58a99012c0052aaf8036bd39672872820e2d2b3,v0=9dd189cf177f18ff8314f17a61ab534bbe7e1480633e982ae84e70c0a3951639
[08-Nov-2025 03:31:53 America/Toronto] handle_payment.php: Webhook signature verified. Event type: payment_intent.succeeded, Event ID: evt_3SR7Yq2NRh8PlH5z0tlw7A2p
[08-Nov-2025 03:31:53 America/Toronto] handle_payment.php: Unhandled event type payment_intent.succeeded, Event ID: evt_3SR7Yq2NRh8PlH5z0tlw7A2p
[08-Nov-2025 03:31:53 America/Toronto] handle_payment.php: Received webhook - Event time: 2025-11-08 03:31:53, Payload length: 1897, Signature: t=1762590713,v1=fa632b63cc4c8575baad609bec8ba50ab993d8b0cedaff56bb0f248a81179efc,v0=46c209f556ddf59a11b63811e6265b3196505ca0c80361d373a14c3daa17f23a
[08-Nov-2025 03:31:53 America/Toronto] handle_payment.php: Webhook signature verified. Event type: payment_intent.created, Event ID: evt_3SR7Yq2NRh8PlH5z0geD2gHg
[08-Nov-2025 03:31:53 America/Toronto] handle_payment.php: Unhandled event type payment_intent.created, Event ID: evt_3SR7Yq2NRh8PlH5z0geD2gHg
[08-Nov-2025 03:31:53 America/Toronto] handle_payment.php: Received webhook - Event time: 2025-11-08 03:31:53, Payload length: 4182, Signature: t=1762590713,v1=cfb2b5334e4684a4b08894a3c713e12ff2daf8fe65b3f02cf5d39389fd6bc285,v0=2fb89055dd481bf28f75f153e9057ec666139cc8c7ca4dd9273403df165483d6
[08-Nov-2025 03:31:53 America/Toronto] handle_payment.php: Webhook signature verified. Event type: checkout.session.completed, Event ID: evt_1SR7Yr2NRh8PlH5zamhFSqqj
[08-Nov-2025 03:31:53 America/Toronto] handle_payment.php: Unexpected error - SQLSTATE[42S22]: Column not found: 1054 Unknown column 'o.shipping_cost' in 'SELECT'
[08-Nov-2025 03:31:55 America/Toronto] handle_payment.php: Received webhook - Event time: 2025-11-08 03:31:55, Payload length: 4387, Signature: t=1762590715,v1=83cb037b4b8a3a088a69e5470db0ff17cfc48689b982bd1a013dd5acd41c6dd1,v0=2b429c40860d90cd4303639db69182380738273e61494494abd1c47f4ccb4d9d
[08-Nov-2025 03:31:55 America/Toronto] handle_payment.php: Webhook signature verified. Event type: charge.updated, Event ID: evt_3SR7Yq2NRh8PlH5z0LjU7jQ3
[08-Nov-2025 03:31:55 America/Toronto] handle_payment.php: Unhandled event type charge.updated, Event ID: evt_3SR7Yq2NRh8PlH5z0LjU7jQ3
[08-Nov-2025 03:32:05 America/Toronto] success.php: Updated order_id: 49 to paid (fallback)
[08-Nov-2025 03:35:57 America/Toronto] success.php: Stripe API error for session_id: {CHECKOUT_SESSION_ID - No such checkout.session: {CHECKOUT_SESSION_ID
[08-Nov-2025 03:35:59 America/Toronto] success.php: Stripe API error for session_id: {CHECKOUT_SESSION_ID - No such checkout.session: {CHECKOUT_SESSION_ID
[08-Nov-2025 03:37:24 America/Toronto] check_stock.php: Session user_id: 3
[08-Nov-2025 03:37:24 America/Toronto] check_shipping_address.php: Shipping address found and stored in session for user_id: 3
[08-Nov-2025 03:37:32 America/Toronto] handle_payment.php: Received webhook - Event time: 2025-11-08 03:37:32, Payload length: 4147, Signature: t=1762591052,v1=e6a82aca9da74fc6b4a547b8e9bddd0e346584443f7c231648ee3ab36be11c17,v0=2903b2ff489c6f33ac38ff2d36fb68b80f196011bf0f330428f3b74df41e2921
[08-Nov-2025 03:37:32 America/Toronto] handle_payment.php: Webhook signature verified. Event type: charge.succeeded, Event ID: evt_3SR7eJ2NRh8PlH5z0VFAXHIZ
[08-Nov-2025 03:37:32 America/Toronto] handle_payment.php: Unhandled event type charge.succeeded, Event ID: evt_3SR7eJ2NRh8PlH5z0VFAXHIZ
[08-Nov-2025 03:37:32 America/Toronto] handle_payment.php: Received webhook - Event time: 2025-11-08 03:37:32, Payload length: 2573, Signature: t=1762591052,v1=cc740355564eb55dd691fcad77245858d7ff6ed9c11b0e796d1bc73402307963,v0=3cdd080d85116751e4fe12210053e6032c613410b6e25f4ecc36d1be179dfcb7
[08-Nov-2025 03:37:32 America/Toronto] handle_payment.php: Webhook signature verified. Event type: payment_intent.succeeded, Event ID: evt_3SR7eJ2NRh8PlH5z0H5SLccK
[08-Nov-2025 03:37:32 America/Toronto] handle_payment.php: Unhandled event type payment_intent.succeeded, Event ID: evt_3SR7eJ2NRh8PlH5z0H5SLccK
[08-Nov-2025 03:37:32 America/Toronto] handle_payment.php: Received webhook - Event time: 2025-11-08 03:37:32, Payload length: 4182, Signature: t=1762591052,v1=c6ac3cd1e809c379bf336dc96c29f1de560ef69fc017276fd611a81f9b1d63a8,v0=50636f884cda1da95d859c99bc16d47b57b8b91be4bab91ac8d0dfe98b19df1b
[08-Nov-2025 03:37:32 America/Toronto] handle_payment.php: Webhook signature verified. Event type: checkout.session.completed, Event ID: evt_1SR7eK2NRh8PlH5zR9ZZHOTn
[08-Nov-2025 03:37:32 America/Toronto] handle_payment.php: Received webhook - Event time: 2025-11-08 03:37:32, Payload length: 1897, Signature: t=1762591052,v1=ae37dc7220661bfe524ff6f44a5aa784b122aa1181bd357feddf3139866a7c7c,v0=1a5deb0ae2c34268043f6023749fee5bbbade9583819c2faf007bc317a27721a
[08-Nov-2025 03:37:32 America/Toronto] handle_payment.php: Webhook signature verified. Event type: payment_intent.created, Event ID: evt_3SR7eJ2NRh8PlH5z07zi0Ude
[08-Nov-2025 03:37:32 America/Toronto] handle_payment.php: Unhandled event type payment_intent.created, Event ID: evt_3SR7eJ2NRh8PlH5z07zi0Ude
[08-Nov-2025 03:37:34 America/Toronto] send_order_email.php: User email sent for order ID 50, status: paid
[08-Nov-2025 03:37:35 America/Toronto] handle_payment.php: Received webhook - Event time: 2025-11-08 03:37:35, Payload length: 4388, Signature: t=1762591054,v1=369fb4eec19144472f05ac87138c120fda57e8dce911e6a132da906c3dae7163,v0=ac51560160a05893a82f06aaaafd0ed57972dc928942cc421f1aff80e328da5a
[08-Nov-2025 03:37:35 America/Toronto] handle_payment.php: Webhook signature verified. Event type: charge.updated, Event ID: evt_3SR7eJ2NRh8PlH5z0hBcWZwT
[08-Nov-2025 03:37:35 America/Toronto] handle_payment.php: Unhandled event type charge.updated, Event ID: evt_3SR7eJ2NRh8PlH5z0hBcWZwT
[08-Nov-2025 03:37:36 America/Toronto] send_order_email.php: Admin email sent for order ID 50, status: paid
[08-Nov-2025 03:37:36 America/Toronto] handle_payment.php: Order 50 PAID | Total: $29.99 | Items: 1 | Price per item: $29.99
[08-Nov-2025 03:37:38 America/Toronto] success.php: Order already processed for order_id: 50, session_id: cs_test_b17VWpS8MVJqPEI1gwlJ2lm69kmrlDz1FLCpNzbOvSKoVFcGeiucEsrTH2
[08-Nov-2025 03:38:04 America/Toronto] check_stock.php: Session user_id: 3
[08-Nov-2025 03:38:04 America/Toronto] check_shipping_address.php: Shipping address found and stored in session for user_id: 3
[08-Nov-2025 03:38:11 America/Toronto] handle_payment.php: Received webhook - Event time: 2025-11-08 03:38:11, Payload length: 4147, Signature: t=1762591091,v1=91e77c7d286555f91c0eaf81e9e7c599bf9e990b114e7f894f158491fd81eedf,v0=878e7b87ad866e93a03ed239b7a515ba2c860ff93c11ebfedbead4ee29afa58d
[08-Nov-2025 03:38:11 America/Toronto] handle_payment.php: Webhook signature verified. Event type: charge.succeeded, Event ID: evt_3SR7ew2NRh8PlH5z1ETS2kCd
[08-Nov-2025 03:38:11 America/Toronto] handle_payment.php: Unhandled event type charge.succeeded, Event ID: evt_3SR7ew2NRh8PlH5z1ETS2kCd
[08-Nov-2025 03:38:11 America/Toronto] handle_payment.php: Received webhook - Event time: 2025-11-08 03:38:11, Payload length: 1897, Signature: t=1762591091,v1=9f2ca5673351006d5e1510de016149a8a186bc96011dc3bbe021e122a09b5fb3,v0=0b3fb64200ceb547ff1fff24a76c199e19aecfc1bc23f87ea6f0c546b0a49fa7
[08-Nov-2025 03:38:11 America/Toronto] handle_payment.php: Webhook signature verified. Event type: payment_intent.created, Event ID: evt_3SR7ew2NRh8PlH5z1I9XZQ0D
[08-Nov-2025 03:38:11 America/Toronto] handle_payment.php: Unhandled event type payment_intent.created, Event ID: evt_3SR7ew2NRh8PlH5z1I9XZQ0D
[08-Nov-2025 03:38:11 America/Toronto] handle_payment.php: Received webhook - Event time: 2025-11-08 03:38:11, Payload length: 4182, Signature: t=1762591091,v1=e6fa2d55315ae5e6dfa3cca0c48b2963b35763b5a6520a0980111ba0324a9729,v0=85372962739474749b5f20f481cfd95149e5604032089bf0c4d7a5e59a7a2935
[08-Nov-2025 03:38:11 America/Toronto] handle_payment.php: Webhook signature verified. Event type: checkout.session.completed, Event ID: evt_1SR7ex2NRh8PlH5zcTgGUGRP
[08-Nov-2025 03:38:12 America/Toronto] handle_payment.php: Received webhook - Event time: 2025-11-08 03:38:12, Payload length: 2573, Signature: t=1762591092,v1=04998fa465a5a769aa273df22126aacf658c6ed86001bb3fb007207234d6ed9e,v0=a6a26bbe3da03877abb774b2e14d90a2c1d06d65fde5cae4589a23a0639bf804
[08-Nov-2025 03:38:12 America/Toronto] handle_payment.php: Webhook signature verified. Event type: payment_intent.succeeded, Event ID: evt_3SR7ew2NRh8PlH5z1tQbXkMX
[08-Nov-2025 03:38:12 America/Toronto] handle_payment.php: Unhandled event type payment_intent.succeeded, Event ID: evt_3SR7ew2NRh8PlH5z1tQbXkMX
[08-Nov-2025 03:38:13 America/Toronto] send_order_email.php: User email sent for order ID 51, status: paid
[08-Nov-2025 03:38:13 America/Toronto] handle_payment.php: Received webhook - Event time: 2025-11-08 03:38:13, Payload length: 4388, Signature: t=1762591093,v1=fa4415606c79da3135ee277cc126b722aee88b82911884c829bcd6124ac432b7,v0=7bc9f293467961d4e3c1e01864c0bf9f772fa9bc6108edfca107a7f9f8e079d9
[08-Nov-2025 03:38:13 America/Toronto] handle_payment.php: Webhook signature verified. Event type: charge.updated, Event ID: evt_3SR7ew2NRh8PlH5z155ZvlLU
[08-Nov-2025 03:38:13 America/Toronto] handle_payment.php: Unhandled event type charge.updated, Event ID: evt_3SR7ew2NRh8PlH5z155ZvlLU
[08-Nov-2025 03:38:14 America/Toronto] send_order_email.php: Admin email sent for order ID 51, status: paid
[08-Nov-2025 03:38:14 America/Toronto] handle_payment.php: Order 51 PAID | Total: $29.99 | Items: 1 | Price per item: $29.99
[08-Nov-2025 03:38:16 America/Toronto] success.php: Order already processed for order_id: 51, session_id: cs_test_b1e6fIxcv5wMBPooE9lJJZd8TnMEBn9Mwftf8KTiyXUiHFgO0HuW15xknJ
[08-Nov-2025 03:38:55 America/Toronto] check_stock.php: Session user_id: 3
[08-Nov-2025 03:38:55 America/Toronto] check_shipping_address.php: Shipping address found and stored in session for user_id: 3
[08-Nov-2025 03:39:02 America/Toronto] handle_payment.php: Received webhook - Event time: 2025-11-08 03:39:02, Payload length: 4147, Signature: t=1762591142,v1=152b86f12eec9d03167cc3b1bf1f7650eae2677cfb1abae114295310d472e79d,v0=e6523269b22821522c3ddf615e03abe8b946a55d3b01fb8372eeaffc37393ab8
[08-Nov-2025 03:39:02 America/Toronto] handle_payment.php: Webhook signature verified. Event type: charge.succeeded, Event ID: evt_3SR7fl2NRh8PlH5z11HulsaX
[08-Nov-2025 03:39:02 America/Toronto] handle_payment.php: Unhandled event type charge.succeeded, Event ID: evt_3SR7fl2NRh8PlH5z11HulsaX
[08-Nov-2025 03:39:02 America/Toronto] handle_payment.php: Received webhook - Event time: 2025-11-08 03:39:02, Payload length: 2573, Signature: t=1762591142,v1=37607e542d641951c6bee6177de81ad5de75e07ee346a31a23f4db24e7da83d9,v0=d4b084ee3670c28a17bfd2d621b2f81accb8ab07190ced67f3da0b5b32bc08df
[08-Nov-2025 03:39:02 America/Toronto] handle_payment.php: Webhook signature verified. Event type: payment_intent.succeeded, Event ID: evt_3SR7fl2NRh8PlH5z1jvyZSg4
[08-Nov-2025 03:39:02 America/Toronto] handle_payment.php: Unhandled event type payment_intent.succeeded, Event ID: evt_3SR7fl2NRh8PlH5z1jvyZSg4
[08-Nov-2025 03:39:02 America/Toronto] handle_payment.php: Received webhook - Event time: 2025-11-08 03:39:02, Payload length: 1897, Signature: t=1762591142,v1=278cc4a4778501dcd98934d5eb3372a5b712d4dab922ef3ac60e41719bf63739,v0=4042f52724da9751883663800c0802a7486ae65e9c611dd75b2dfb90a681de8c
[08-Nov-2025 03:39:02 America/Toronto] handle_payment.php: Webhook signature verified. Event type: payment_intent.created, Event ID: evt_3SR7fl2NRh8PlH5z1byW9Qz8
[08-Nov-2025 03:39:02 America/Toronto] handle_payment.php: Unhandled event type payment_intent.created, Event ID: evt_3SR7fl2NRh8PlH5z1byW9Qz8
[08-Nov-2025 03:39:02 America/Toronto] handle_payment.php: Received webhook - Event time: 2025-11-08 03:39:02, Payload length: 4182, Signature: t=1762591142,v1=aded4c60dad815c246bd1c5e0e07fa04a7d05bde3b7d20149d997b553fced610,v0=a2b9beab2314d6bfd9e8daacb578713af759fd2777d699f2f6b98f85370484d6
[08-Nov-2025 03:39:03 America/Toronto] handle_payment.php: Webhook signature verified. Event type: checkout.session.completed, Event ID: evt_1SR7fm2NRh8PlH5zTHA8OtGP
[08-Nov-2025 03:39:04 America/Toronto] send_order_email.php: User email sent for order ID 52, status: paid
[08-Nov-2025 03:39:05 America/Toronto] handle_payment.php: Received webhook - Event time: 2025-11-08 03:39:05, Payload length: 4388, Signature: t=1762591144,v1=5cc491850f08b255810128027937416f7fa42a98d948d726ed55c417258eb9fa,v0=d22d951c7fd2cac3ff462a89f69c95bf3849c3dbafd658bb2ae6591a53e8a1f5
[08-Nov-2025 03:39:05 America/Toronto] handle_payment.php: Webhook signature verified. Event type: charge.updated, Event ID: evt_3SR7fl2NRh8PlH5z1SDK9u6M
[08-Nov-2025 03:39:05 America/Toronto] handle_payment.php: Unhandled event type charge.updated, Event ID: evt_3SR7fl2NRh8PlH5z1SDK9u6M
[08-Nov-2025 03:39:07 America/Toronto] send_order_email.php: Admin email sent for order ID 52, status: paid
[08-Nov-2025 03:39:07 America/Toronto] handle_payment.php: Order 52 PAID | Total: $29.99 | Items: 1 | Price per item: $29.99
[08-Nov-2025 03:39:09 America/Toronto] success.php: Order already processed for order_id: 52, session_id: cs_test_b1XJ1CQM8lswSkPrkxEJ3NPoGNkcOyWbwZ5vBLHs9x8vl2PopK9oGZtbGE
[08-Nov-2025 03:39:39 America/Toronto] check_stock.php: Session user_id: 3
[08-Nov-2025 03:39:39 America/Toronto] check_shipping_address.php: Shipping address found and stored in session for user_id: 3
[08-Nov-2025 03:39:56 America/Toronto] check_stock.php: Session user_id: 3
[08-Nov-2025 03:39:57 America/Toronto] check_shipping_address.php: Shipping address found and stored in session for user_id: 3
[08-Nov-2025 03:40:55 America/Toronto] check_stock.php: Session user_id: 3
[08-Nov-2025 03:40:55 America/Toronto] check_stock.php: Insufficient stock for product_id: 2, requested: 2, available: 1
[08-Nov-2025 03:40:59 America/Toronto] check_stock.php: Session user_id: 3
[08-Nov-2025 03:40:59 America/Toronto] check_shipping_address.php: Shipping address found and stored in session for user_id: 3
[08-Nov-2025 03:41:06 America/Toronto] handle_payment.php: Received webhook - Event time: 2025-11-08 03:41:06, Payload length: 4147, Signature: t=1762591266,v1=23753b404dadf7e02cff950c22d021f7db5f8f4a1ad592601d43ace6f9142466,v0=4bc9db2a3a61d4a45fe5a2dcb8ec833e1455b10e4d390022ad574877924ea069
[08-Nov-2025 03:41:06 America/Toronto] handle_payment.php: Webhook signature verified. Event type: charge.succeeded, Event ID: evt_3SR7hl2NRh8PlH5z1HHtMo36
[08-Nov-2025 03:41:06 America/Toronto] handle_payment.php: Unhandled event type charge.succeeded, Event ID: evt_3SR7hl2NRh8PlH5z1HHtMo36
[08-Nov-2025 03:41:06 America/Toronto] handle_payment.php: Received webhook - Event time: 2025-11-08 03:41:06, Payload length: 4182, Signature: t=1762591266,v1=01c86abe4ea307fc25be1ad494760a7096f2be15da460d2d3209e25130354683,v0=e3004ec7047ba7975e7bfb3f1efb66a19fe4045a13bea78ccdca94f2a843898f
[08-Nov-2025 03:41:06 America/Toronto] handle_payment.php: Webhook signature verified. Event type: checkout.session.completed, Event ID: evt_1SR7hm2NRh8PlH5zwi2HeuwA
[08-Nov-2025 03:41:06 America/Toronto] handle_payment.php: Received webhook - Event time: 2025-11-08 03:41:06, Payload length: 2573, Signature: t=1762591266,v1=7416128c000cf6493a0a4fe9a376531a2d9b3dcba0ac02958ba27027d07e5a3e,v0=91389b220f659e2ae98916dd821cd16838d11f06ec239b53bdee7e0e2f20c9ea
[08-Nov-2025 03:41:06 America/Toronto] handle_payment.php: Received webhook - Event time: 2025-11-08 03:41:06, Payload length: 1897, Signature: t=1762591266,v1=b984191eaa0759e37c6ebbd3b8f6473763fa0c6ce7692091db19976be6d33af3,v0=e4803fad2afb6537cf270fa79fdd64c35d8566d66fb356d50c870c16a24568e2
[08-Nov-2025 03:41:06 America/Toronto] handle_payment.php: Webhook signature verified. Event type: payment_intent.succeeded, Event ID: evt_3SR7hl2NRh8PlH5z128uWwV9
[08-Nov-2025 03:41:06 America/Toronto] handle_payment.php: Unhandled event type payment_intent.succeeded, Event ID: evt_3SR7hl2NRh8PlH5z128uWwV9
[08-Nov-2025 03:41:06 America/Toronto] handle_payment.php: Webhook signature verified. Event type: payment_intent.created, Event ID: evt_3SR7hl2NRh8PlH5z1SPHJtRe
[08-Nov-2025 03:41:06 America/Toronto] handle_payment.php: Unhandled event type payment_intent.created, Event ID: evt_3SR7hl2NRh8PlH5z1SPHJtRe
[08-Nov-2025 03:41:08 America/Toronto] send_order_email.php: User email sent for order ID 55, status: paid
[08-Nov-2025 03:41:08 America/Toronto] handle_payment.php: Received webhook - Event time: 2025-11-08 03:41:08, Payload length: 4388, Signature: t=1762591268,v1=936bdbdebb60a65f6708f182c81f4ccf40fa2d6162f9ed0ddb9516d9654fff41,v0=fe125ef2eab459000b3194d781f8bf4b817bc6f0b1f8dabe19ef4df34ef30f30
[08-Nov-2025 03:41:08 America/Toronto] handle_payment.php: Webhook signature verified. Event type: charge.updated, Event ID: evt_3SR7hl2NRh8PlH5z17hZUWIP
[08-Nov-2025 03:41:08 America/Toronto] handle_payment.php: Unhandled event type charge.updated, Event ID: evt_3SR7hl2NRh8PlH5z17hZUWIP
[08-Nov-2025 03:41:10 America/Toronto] send_order_email.php: Admin email sent for order ID 55, status: paid
[08-Nov-2025 03:41:10 America/Toronto] handle_payment.php: Order 55 PAID | Total: $29.99 | Items: 1 | Price per item: $29.99
[08-Nov-2025 03:41:12 America/Toronto] success.php: Order already processed for order_id: 55, session_id: cs_test_b1kL4twqzakvjlEfvYfPetka2ixf9h10SKaxaEs5FI6QnwhTh1YTkXcTeA
[08-Nov-2025 03:44:36 America/Toronto] handle_payment.php: Received webhook - Event time: 2025-11-08 03:44:36, Payload length: 4182, Signature: t=1762591476,v1=e4c0a64933c79fc46638f19b7e5104e73e0b5a183da14af1731a6c3934d12674,v0=d418e923ca7fcca5377e2cab2c72b24ff09a71a0498396c5b1cafb9e8c545257
[08-Nov-2025 03:44:36 America/Toronto] handle_payment.php: Webhook signature verified. Event type: checkout.session.completed, Event ID: evt_1SR7Ia2NRh8PlH5zLyN8Nnvs
[08-Nov-2025 03:44:36 America/Toronto] handle_payment.php: No items for order 45
[08-Nov-2025 03:48:08 America/Toronto] handle_payment.php: Received webhook - Event time: 2025-11-08 03:48:08, Payload length: 4182, Signature: t=1762591688,v1=1312482f8b8f77859071598166a9b72e6151e07eb288ec886526ba1136674e23,v0=1a022d2c19dd930fa252633f085cb361a473bcea6abd667c71f19d90b166a0f5
[08-Nov-2025 03:48:08 America/Toronto] handle_payment.php: Webhook signature verified. Event type: checkout.session.completed, Event ID: evt_1SR7M52NRh8PlH5zJNjcEN83
[08-Nov-2025 03:48:08 America/Toronto] handle_payment.php: No items for order 46
[08-Nov-2025 03:57:57 America/Toronto] handle_payment.php: Received webhook - Event time: 2025-11-08 03:57:57, Payload length: 4182, Signature: t=1762592277,v1=367a9f895489beb5e3d7f9f87bb0dff23094089dbf8aaa024879ee47e81baa66,v0=8480e8d6c43c77ed216f9605bb7f956e2b053d8f56329c7e913b895dc84b6f21
[08-Nov-2025 03:57:57 America/Toronto] handle_payment.php: Webhook signature verified. Event type: checkout.session.completed, Event ID: evt_1SR7Ug2NRh8PlH5zEvnQjOWx
[08-Nov-2025 03:57:57 America/Toronto] handle_payment.php: No items for order 47
[08-Nov-2025 04:00:37 America/Toronto] handle_payment.php: Received webhook - Event time: 2025-11-08 04:00:37, Payload length: 4182, Signature: t=1762592436,v1=d96ec74c4778c9699707a67de4e3fb42d0b4eb3c37946757570860dd5fc7a612,v0=914954d8c30a4cc53fa2cecfeb0cc2dc0a43bc4a4e0e47e8fb2383580e15e247
[08-Nov-2025 04:00:37 America/Toronto] handle_payment.php: Webhook signature verified. Event type: checkout.session.completed, Event ID: evt_1SR7Xa2NRh8PlH5zXAbP8pBn
[08-Nov-2025 04:00:37 America/Toronto] handle_payment.php: No items for order 48
[08-Nov-2025 04:02:11 America/Toronto] handle_payment.php: Received webhook - Event time: 2025-11-08 04:02:11, Payload length: 4182, Signature: t=1762592530,v1=356496bbfa309c9de04a8c85f06c9403391e5eb7c7d001543d776f3401c653b7,v0=287af0688fe6eea6fb8a4c801d407efc65fd03e800136506ba81991fbfd926e7
[08-Nov-2025 04:02:11 America/Toronto] handle_payment.php: Webhook signature verified. Event type: checkout.session.completed, Event ID: evt_1SR7Yr2NRh8PlH5zamhFSqqj
[08-Nov-2025 04:02:11 America/Toronto] handle_payment.php: No items for order 49
[08-Nov-2025 04:43:30 America/Toronto] handle_payment.php: Received webhook - Event time: 2025-11-08 04:43:30, Payload length: 4182, Signature: t=1762595009,v1=607cb1a38b9aa53a6c9f6e2c7ded81fe416f46e23a4b5de1888f10d9a4425321,v0=c4c5489eabf52f5113b81ed9f3f8391d20c6a8427094e9510bec05f4894bf2bc
[08-Nov-2025 04:43:30 America/Toronto] handle_payment.php: Webhook signature verified. Event type: checkout.session.completed, Event ID: evt_1SR7Ia2NRh8PlH5zLyN8Nnvs
[08-Nov-2025 04:43:30 America/Toronto] handle_payment.php: Event ID evt_1SR7Ia2NRh8PlH5zLyN8Nnvs already processed, skipping
[08-Nov-2025 04:47:50 America/Toronto] handle_payment.php: Received webhook - Event time: 2025-11-08 04:47:50, Payload length: 4182, Signature: t=1762595270,v1=97efd72936f629975ceed8f6b2765aff7e0f6fbb04a1dee40f4f45c5093ae1e0,v0=9a5ba7ca1aef55ad98bd09526dbc63c2dcfb5e2c1fc2d76468124cdde9b68502
[08-Nov-2025 04:47:50 America/Toronto] handle_payment.php: Webhook signature verified. Event type: checkout.session.completed, Event ID: evt_1SR7M52NRh8PlH5zJNjcEN83
[08-Nov-2025 04:47:50 America/Toronto] handle_payment.php: Event ID evt_1SR7M52NRh8PlH5zJNjcEN83 already processed, skipping
[08-Nov-2025 04:57:18 America/Toronto] handle_payment.php: Received webhook - Event time: 2025-11-08 04:57:18, Payload length: 4182, Signature: t=1762595837,v1=9bb5058a6018614132b23c63e38bfbc062f31dfb67044fb81e96f291162bf4d5,v0=6758d7dfa8fbf8415d600e637166ad4babeea0cf3424d5038718edd35703cb5d
[08-Nov-2025 04:57:18 America/Toronto] handle_payment.php: Webhook signature verified. Event type: checkout.session.completed, Event ID: evt_1SR7Ug2NRh8PlH5zEvnQjOWx
[08-Nov-2025 04:57:18 America/Toronto] handle_payment.php: Event ID evt_1SR7Ug2NRh8PlH5zEvnQjOWx already processed, skipping
[08-Nov-2025 05:01:10 America/Toronto] handle_payment.php: Received webhook - Event time: 2025-11-08 05:01:10, Payload length: 4182, Signature: t=1762596070,v1=94f94ce4559c88b06830bd4bc292019761d388684a698f953c973be803f38949,v0=04d434425bca9430f76d493b5aa86f33f802d4f932363e55d1150ccb7ec6e114
[08-Nov-2025 05:01:10 America/Toronto] handle_payment.php: Webhook signature verified. Event type: checkout.session.completed, Event ID: evt_1SR7Xa2NRh8PlH5zXAbP8pBn
[08-Nov-2025 05:01:10 America/Toronto] handle_payment.php: Event ID evt_1SR7Xa2NRh8PlH5zXAbP8pBn already processed, skipping
[08-Nov-2025 05:02:44 America/Toronto] handle_payment.php: Received webhook - Event time: 2025-11-08 05:02:44, Payload length: 4182, Signature: t=1762596164,v1=c5b38ddb26eaf96ad1135f292734b829c66c4317e845513059280594f8b58ca9,v0=ac30d8ab486e94c2e685f7049ba79e31b818026e70f845faa50ce1a642d2a755
[08-Nov-2025 05:02:44 America/Toronto] handle_payment.php: Webhook signature verified. Event type: checkout.session.completed, Event ID: evt_1SR7Yr2NRh8PlH5zamhFSqqj
[08-Nov-2025 05:02:44 America/Toronto] handle_payment.php: Event ID evt_1SR7Yr2NRh8PlH5zamhFSqqj already processed, skipping
[08-Nov-2025 09:34:40 America/Toronto] check_stock.php: Session user_id: 1
[08-Nov-2025 09:34:41 America/Toronto] check_shipping_address.php: Shipping address found and stored in session for user_id: 1
[08-Nov-2025 09:35:48 America/Toronto] handle_payment.php: Received webhook - Event time: 2025-11-08 09:35:48, Payload length: 4151, Signature: t=1762612547,v1=17e33c011cbfd103db22627f2cd4f2f202c6d54dc91112091a31a52b1e2838f7,v0=0aa4318a419b9f49357f83cccd2d0e49ccd6d94e5b376d4d577c8e8a9b84cd13
[08-Nov-2025 09:35:48 America/Toronto] handle_payment.php: Webhook signature verified. Event type: charge.succeeded, Event ID: evt_3SRDF02NRh8PlH5z12tCv5pU
[08-Nov-2025 09:35:48 America/Toronto] handle_payment.php: Unhandled event type charge.succeeded, Event ID: evt_3SRDF02NRh8PlH5z12tCv5pU
[08-Nov-2025 09:35:48 America/Toronto] handle_payment.php: Received webhook - Event time: 2025-11-08 09:35:48, Payload length: 4184, Signature: t=1762612548,v1=bd865c4e550de9be09d52cdadce87a160f6278ed58e4e42e650a994fd45950a6,v0=f54bef9e481d8503bf30207c35f3fbe582fbf940e970c3c9c713073f29edf26e
[08-Nov-2025 09:35:48 America/Toronto] handle_payment.php: Received webhook - Event time: 2025-11-08 09:35:48, Payload length: 2575, Signature: t=1762612548,v1=cfc58589a12756a6097297cd9704db4afa620ed5ed95b38d42d1fb74a2b1d7d3,v0=d980d266581626104aa71a7cdfcefd9a8f3fdbc28a9f2687ef2f90c3f45cf83c
[08-Nov-2025 09:35:48 America/Toronto] handle_payment.php: Webhook signature verified. Event type: checkout.session.completed, Event ID: evt_1SRDF12NRh8PlH5zPuu1pPRD
[08-Nov-2025 09:35:48 America/Toronto] handle_payment.php: Webhook signature verified. Event type: payment_intent.succeeded, Event ID: evt_3SRDF02NRh8PlH5z1LbjUPuO
[08-Nov-2025 09:35:48 America/Toronto] handle_payment.php: Unhandled event type payment_intent.succeeded, Event ID: evt_3SRDF02NRh8PlH5z1LbjUPuO
[08-Nov-2025 09:35:48 America/Toronto] handle_payment.php: Received webhook - Event time: 2025-11-08 09:35:48, Payload length: 1898, Signature: t=1762612548,v1=41d9de8fad9ee19302798346b1909946e2c8a94699a2064eac1e1f027c30950a,v0=5c946d07ae9450ff8f6e8e02f1e26644ff5f95579b5b9cbe5ad635fa7db8bd33
[08-Nov-2025 09:35:48 America/Toronto] handle_payment.php: Webhook signature verified. Event type: payment_intent.created, Event ID: evt_3SRDF02NRh8PlH5z1H1ZJBCz
[08-Nov-2025 09:35:48 America/Toronto] handle_payment.php: Unhandled event type payment_intent.created, Event ID: evt_3SRDF02NRh8PlH5z1H1ZJBCz
[08-Nov-2025 09:35:49 America/Toronto] send_order_email.php: User email sent for order ID 56, status: paid
[08-Nov-2025 09:35:50 America/Toronto] handle_payment.php: Received webhook - Event time: 2025-11-08 09:35:50, Payload length: 4392, Signature: t=1762612550,v1=80dd48d36f3cb9e9c1e97890f228355d880c4b3be7adfe05663ab96fc469ad83,v0=0924cc2398d66739878319f8b68c0aacf7af2bbc900bca389862be9ecd6faa1f
[08-Nov-2025 09:35:50 America/Toronto] handle_payment.php: Webhook signature verified. Event type: charge.updated, Event ID: evt_3SRDF02NRh8PlH5z1P2fIWnS
[08-Nov-2025 09:35:50 America/Toronto] handle_payment.php: Unhandled event type charge.updated, Event ID: evt_3SRDF02NRh8PlH5z1P2fIWnS
[08-Nov-2025 09:35:51 America/Toronto] send_order_email.php: Admin email sent for order ID 56, status: paid
[08-Nov-2025 09:35:51 America/Toronto] handle_payment.php: Order 56 PAID | Total: $129.99 | Items: 1 | Price per item: $129.99
[08-Nov-2025 09:35:57 America/Toronto] success.php: Order already processed for order_id: 56, session_id: cs_test_a1hgah8CD1GPSK5e3HY09Tda7AX7XtyJoHvNN6bUZ9NkKbuzYYTVvgupcD
[08-Nov-2025 09:42:48 America/Toronto] check_stock.php: Session user_id: 1
[08-Nov-2025 09:42:49 America/Toronto] check_shipping_address.php: Shipping address found and stored in session for user_id: 1
[08-Nov-2025 09:43:12 America/Toronto] handle_payment.php: Received webhook - Event time: 2025-11-08 09:43:12, Payload length: 4147, Signature: t=1762612992,v1=f2893224ec70c68c014f0841139ac58edb4c3227feb17cabd1acff25cccefa67,v0=ea11877a11ad58fcf72b116976aa7df83bdf464b18e1c3d1eca49daba5fa0267
[08-Nov-2025 09:43:12 America/Toronto] handle_payment.php: Webhook signature verified. Event type: charge.succeeded, Event ID: evt_3SRDMB2NRh8PlH5z1Hw3jZz7
[08-Nov-2025 09:43:12 America/Toronto] handle_payment.php: Unhandled event type charge.succeeded, Event ID: evt_3SRDMB2NRh8PlH5z1Hw3jZz7
[08-Nov-2025 09:43:12 America/Toronto] handle_payment.php: Received webhook - Event time: 2025-11-08 09:43:12, Payload length: 4182, Signature: t=1762612992,v1=b208ed483a942d28abd22808cb1e13cad16d5dfefd3b522287081bd172750bb6,v0=899d825d89da0eef881b6bb2ce4ab242d6e33996dfba83e3443559c0aa8fbea5
[08-Nov-2025 09:43:12 America/Toronto] handle_payment.php: Webhook signature verified. Event type: checkout.session.completed, Event ID: evt_1SRDMC2NRh8PlH5zetiGyUZf
[08-Nov-2025 09:43:12 America/Toronto] handle_payment.php: Received webhook - Event time: 2025-11-08 09:43:12, Payload length: 2573, Signature: t=1762612992,v1=915dafc708f7b6f0f24e796957a11cfc44e4309a987f13c87c2130b524b7b6a3,v0=871c0b4602023d500830248702a8f2a3c584b4614a61e99369feef18fd45a158
[08-Nov-2025 09:43:12 America/Toronto] handle_payment.php: Webhook signature verified. Event type: payment_intent.succeeded, Event ID: evt_3SRDMB2NRh8PlH5z1oSwuOjB
[08-Nov-2025 09:43:12 America/Toronto] handle_payment.php: Unhandled event type payment_intent.succeeded, Event ID: evt_3SRDMB2NRh8PlH5z1oSwuOjB
[08-Nov-2025 09:43:12 America/Toronto] handle_payment.php: Received webhook - Event time: 2025-11-08 09:43:12, Payload length: 1897, Signature: t=1762612992,v1=dcc9f0279a057352d27f381d55d9f6b0e41456136836bb0d335a7d151608f611,v0=1427d4445dd2efc9a41a640a4fe25cc13e5a1b3b49b8856fb313064fc16bc9ab
[08-Nov-2025 09:43:12 America/Toronto] handle_payment.php: Webhook signature verified. Event type: payment_intent.created, Event ID: evt_3SRDMB2NRh8PlH5z1fYf2PtW
[08-Nov-2025 09:43:12 America/Toronto] handle_payment.php: Unhandled event type payment_intent.created, Event ID: evt_3SRDMB2NRh8PlH5z1fYf2PtW
[08-Nov-2025 09:43:14 America/Toronto] send_order_email.php: User email sent for order ID 57, status: paid
[08-Nov-2025 09:43:15 America/Toronto] handle_payment.php: Received webhook - Event time: 2025-11-08 09:43:15, Payload length: 4388, Signature: t=1762612994,v1=214dc40b921e58e38e3a4c12f78f3d874fdde90e1b5bd1d10efaaadb55b454f7,v0=971545076223c292962282562a194b35348e13bfebd07717546f45e7aef8c827
[08-Nov-2025 09:43:15 America/Toronto] handle_payment.php: Webhook signature verified. Event type: charge.updated, Event ID: evt_3SRDMB2NRh8PlH5z1yr1AqVJ
[08-Nov-2025 09:43:15 America/Toronto] handle_payment.php: Unhandled event type charge.updated, Event ID: evt_3SRDMB2NRh8PlH5z1yr1AqVJ
[08-Nov-2025 09:43:15 America/Toronto] send_order_email.php: Admin email sent for order ID 57, status: paid
[08-Nov-2025 09:43:15 America/Toronto] handle_payment.php: Order 57 PAID | Total: $67 | Items: 1 | Price per item: $67
[08-Nov-2025 09:44:17 America/Toronto] check_stock.php: Session user_id: 1
[08-Nov-2025 09:44:18 America/Toronto] check_shipping_address.php: Shipping address found and stored in session for user_id: 1
[08-Nov-2025 09:44:27 America/Toronto] handle_payment.php: Received webhook - Event time: 2025-11-08 09:44:27, Payload length: 4151, Signature: t=1762613067,v1=6c2e79de5eba101a4bd3ea9a29fbe5d674b30277366f21247ef05d775f1bf930,v0=8bb6ac9d7753da43b4859c9281f7e1b80f27494e80d9a17cb1700666746feaf1
[08-Nov-2025 09:44:27 America/Toronto] handle_payment.php: Webhook signature verified. Event type: charge.succeeded, Event ID: evt_3SRDNN2NRh8PlH5z0G3tK0Ou
[08-Nov-2025 09:44:27 America/Toronto] handle_payment.php: Unhandled event type charge.succeeded, Event ID: evt_3SRDNN2NRh8PlH5z0G3tK0Ou
[08-Nov-2025 09:44:27 America/Toronto] handle_payment.php: Received webhook - Event time: 2025-11-08 09:44:27, Payload length: 2575, Signature: t=1762613067,v1=2649ba6ba599bfbdb230cf2851143eb7e817b701756f2e13a2d1c41bdc521a95,v0=f6d00505081438a371d5ee8cb0d0e93af3215fc167beb836ee3093c6c07fdd53
[08-Nov-2025 09:44:27 America/Toronto] handle_payment.php: Webhook signature verified. Event type: payment_intent.succeeded, Event ID: evt_3SRDNN2NRh8PlH5z0xeLTbiH
[08-Nov-2025 09:44:27 America/Toronto] handle_payment.php: Unhandled event type payment_intent.succeeded, Event ID: evt_3SRDNN2NRh8PlH5z0xeLTbiH
[08-Nov-2025 09:44:27 America/Toronto] handle_payment.php: Received webhook - Event time: 2025-11-08 09:44:27, Payload length: 4184, Signature: t=1762613067,v1=17adc227a28097bce0221d7f7ab5c57d7d999ef8f4dcd3e5548ec38eb6bb8fa7,v0=117d90f95d67d514f76aa39cf6859af72f7c00affd8801e18a81e4efd957bc4d
[08-Nov-2025 09:44:27 America/Toronto] handle_payment.php: Webhook signature verified. Event type: checkout.session.completed, Event ID: evt_1SRDNP2NRh8PlH5zg22zdUFB
[08-Nov-2025 09:44:27 America/Toronto] handle_payment.php: Received webhook - Event time: 2025-11-08 09:44:27, Payload length: 1898, Signature: t=1762613067,v1=4d2784c4d1262fd7e6dabdfb04e024cf7f505ef0bfc2e7eccbff5de005220dcb,v0=1ad6e3a34fa10cc7d2a3a953c42c1a4823652ac82b830774bd2e147ad2974b08
[08-Nov-2025 09:44:27 America/Toronto] handle_payment.php: Webhook signature verified. Event type: payment_intent.created, Event ID: evt_3SRDNN2NRh8PlH5z0u8cUEIp
[08-Nov-2025 09:44:27 America/Toronto] handle_payment.php: Unhandled event type payment_intent.created, Event ID: evt_3SRDNN2NRh8PlH5z0u8cUEIp
[08-Nov-2025 09:44:28 America/Toronto] send_order_email.php: User email sent for order ID 58, status: paid
[08-Nov-2025 09:44:29 America/Toronto] handle_payment.php: Received webhook - Event time: 2025-11-08 09:44:29, Payload length: 4392, Signature: t=1762613069,v1=87f4adc341342067ec28f40fa51bd6484b2efc23a3c00aaed9ae56a4cbc40daf,v0=0b02af7ecf0a3bc517b476287cbbf9909e507482fd2dd9f40a0ddedaaeaa9823
[08-Nov-2025 09:44:29 America/Toronto] handle_payment.php: Webhook signature verified. Event type: charge.updated, Event ID: evt_3SRDNN2NRh8PlH5z0gIugJa2
[08-Nov-2025 09:44:29 America/Toronto] handle_payment.php: Unhandled event type charge.updated, Event ID: evt_3SRDNN2NRh8PlH5z0gIugJa2
[08-Nov-2025 09:44:30 America/Toronto] send_order_email.php: Admin email sent for order ID 58, status: paid
[08-Nov-2025 09:44:30 America/Toronto] handle_payment.php: Order 58 PAID | Total: $129.99 | Items: 1 | Price per item: $129.99
[08-Nov-2025 09:52:27 America/Toronto] check_stock.php: Session user_id: 1
[08-Nov-2025 09:52:27 America/Toronto] check_stock.php: Insufficient stock for product_id: 3, requested: 1, available: 0
[08-Nov-2025 09:52:42 America/Toronto] check_stock.php: Session user_id: 1
[08-Nov-2025 09:52:42 America/Toronto] check_shipping_address.php: Shipping address found and stored in session for user_id: 1
[08-Nov-2025 09:52:51 America/Toronto] handle_payment.php: Received webhook - Event time: 2025-11-08 09:52:51, Payload length: 4147, Signature: t=1762613571,v1=1ee65570811a33b90a6b293c01959311cfdc46a51c9469f90760fe9b0898abae,v0=aec9c1bb95d7b3a6accf89001ccf34c0c7a4fdc4a3a1d9f88044ca95be1136ab
[08-Nov-2025 09:52:51 America/Toronto] handle_payment.php: Webhook signature verified. Event type: charge.succeeded, Event ID: evt_3SRDVV2NRh8PlH5z0zFdfCvo
[08-Nov-2025 09:52:51 America/Toronto] handle_payment.php: Unhandled event type charge.succeeded, Event ID: evt_3SRDVV2NRh8PlH5z0zFdfCvo
[08-Nov-2025 09:52:51 America/Toronto] handle_payment.php: Received webhook - Event time: 2025-11-08 09:52:51, Payload length: 2573, Signature: t=1762613571,v1=5ecea3e5023476a75610306b9275a0879a8b2576d216ee383b239d1ac22163dd,v0=37e14e3a80fc79549a43acaa5af5d4ae0569c800fefbbdbea6a0c46c36edd7d0
[08-Nov-2025 09:52:51 America/Toronto] handle_payment.php: Webhook signature verified. Event type: payment_intent.succeeded, Event ID: evt_3SRDVV2NRh8PlH5z0taaFBA8
[08-Nov-2025 09:52:51 America/Toronto] handle_payment.php: Unhandled event type payment_intent.succeeded, Event ID: evt_3SRDVV2NRh8PlH5z0taaFBA8
[08-Nov-2025 09:52:51 America/Toronto] handle_payment.php: Received webhook - Event time: 2025-11-08 09:52:51, Payload length: 4182, Signature: t=1762613571,v1=c9e6043c5fc377c0bbb0f2b082860a7ab4edb7253c145c68369d0126fbb21760,v0=333652793531295dc4b05fb84e962cdb19978c127ad56358431d95f99abdcc39
[08-Nov-2025 09:52:51 America/Toronto] handle_payment.php: Webhook signature verified. Event type: checkout.session.completed, Event ID: evt_1SRDVX2NRh8PlH5zupEpTqhf
[08-Nov-2025 09:52:51 America/Toronto] handle_payment.php: Received webhook - Event time: 2025-11-08 09:52:51, Payload length: 1897, Signature: t=1762613571,v1=1123f8b215c37431ad8ec9de98f58f298df034222e31a0f63a189512882ffdbc,v0=eb6d79f2e7e05f0e7f65a769e329404e98bd9795bc59a4b8f968e220fa1e3c8e
[08-Nov-2025 09:52:51 America/Toronto] handle_payment.php: Webhook signature verified. Event type: payment_intent.created, Event ID: evt_3SRDVV2NRh8PlH5z06fghaae
[08-Nov-2025 09:52:51 America/Toronto] handle_payment.php: Unhandled event type payment_intent.created, Event ID: evt_3SRDVV2NRh8PlH5z06fghaae
[08-Nov-2025 09:52:52 America/Toronto] send_order_email.php: User email sent for order ID 59, status: paid
[08-Nov-2025 09:52:53 America/Toronto] handle_payment.php: Received webhook - Event time: 2025-11-08 09:52:53, Payload length: 4388, Signature: t=1762613573,v1=9748cbc207c1bdda8bc43f08d3b6f61c361eb2071281e39aebd794b2022daa1e,v0=abba118ab9a6f57e1eb493c769d760ab69c7331e52af4284127b632e701f7706
[08-Nov-2025 09:52:53 America/Toronto] handle_payment.php: Webhook signature verified. Event type: charge.updated, Event ID: evt_3SRDVV2NRh8PlH5z0KY5LinB
[08-Nov-2025 09:52:53 America/Toronto] handle_payment.php: Unhandled event type charge.updated, Event ID: evt_3SRDVV2NRh8PlH5z0KY5LinB
[08-Nov-2025 09:52:53 America/Toronto] send_order_email.php: Admin email sent for order ID 59, status: paid
[08-Nov-2025 09:52:53 America/Toronto] handle_payment.php: Order 59 PAID | Total: $67 | Items: 1 | Price per item: $67
[08-Nov-2025 09:58:56 America/Toronto] check_stock.php: Session user_id: 1
[08-Nov-2025 09:58:56 America/Toronto] check_stock.php: Insufficient stock for product_id: 1, requested: 1, available: 0
[08-Nov-2025 09:59:21 America/Toronto] check_stock.php: Session user_id: 1
[08-Nov-2025 09:59:21 America/Toronto] check_shipping_address.php: Shipping address found and stored in session for user_id: 1
[08-Nov-2025 09:59:45 America/Toronto] handle_payment.php: Received webhook - Event time: 2025-11-08 09:59:45, Payload length: 4182, Signature: t=1762613985,v1=fafdbdf8b291cc3348674e1ae00e7c17ea46acf6ec7b53eea45fb977a0f1ee10,v0=f6e8ecf944928876a0c34d44d109b2de0a556617abdb5fcf6c387cab4c561858
[08-Nov-2025 09:59:45 America/Toronto] handle_payment.php: Received webhook - Event time: 2025-11-08 09:59:45, Payload length: 4147, Signature: t=1762613985,v1=db95e9bbf9c8c8025a37c6f0520ab0e83d1cd2714c7b7acefe2eece54fd70a08,v0=6495c6c6841b1f34b2f2a14c17e06b55dc1e072d8a9a2b73ff1cbfcb1569291f
[08-Nov-2025 09:59:45 America/Toronto] handle_payment.php: Webhook signature verified. Event type: checkout.session.completed, Event ID: evt_1SRDcD2NRh8PlH5zVgtvRTo5
[08-Nov-2025 09:59:45 America/Toronto] handle_payment.php: Webhook signature verified. Event type: charge.succeeded, Event ID: evt_3SRDcB2NRh8PlH5z1wVF40s0
[08-Nov-2025 09:59:45 America/Toronto] handle_payment.php: Unhandled event type charge.succeeded, Event ID: evt_3SRDcB2NRh8PlH5z1wVF40s0
[08-Nov-2025 09:59:45 America/Toronto] handle_payment.php: Received webhook - Event time: 2025-11-08 09:59:45, Payload length: 2573, Signature: t=1762613985,v1=6ae70c62a85fb383afe3de76fc1720471035cd700b44a49961506ef4186f3bb6,v0=d78ca968fc7ced6ec77115a8b19d3b220a342cb317be312de0c8dedf4f89dbbc
[08-Nov-2025 09:59:45 America/Toronto] handle_payment.php: Webhook signature verified. Event type: payment_intent.succeeded, Event ID: evt_3SRDcB2NRh8PlH5z1BvkKudj
[08-Nov-2025 09:59:45 America/Toronto] handle_payment.php: Unhandled event type payment_intent.succeeded, Event ID: evt_3SRDcB2NRh8PlH5z1BvkKudj
[08-Nov-2025 09:59:45 America/Toronto] handle_payment.php: Received webhook - Event time: 2025-11-08 09:59:45, Payload length: 1897, Signature: t=1762613985,v1=04f863a76a5d93934ff2b7eab8dfe07cb7b15e8a1c17de27e10f5d2c24f26208,v0=361757a64525bec55a4dc7ae9795f02791dd3a8cda3bafb6e95828f04cfc01e0
[08-Nov-2025 09:59:45 America/Toronto] handle_payment.php: Webhook signature verified. Event type: payment_intent.created, Event ID: evt_3SRDcB2NRh8PlH5z1PXVAbTn
[08-Nov-2025 09:59:45 America/Toronto] handle_payment.php: Unhandled event type payment_intent.created, Event ID: evt_3SRDcB2NRh8PlH5z1PXVAbTn
[08-Nov-2025 09:59:46 America/Toronto] send_order_email.php: User email sent for order ID 60, status: paid
[08-Nov-2025 09:59:47 America/Toronto] send_order_email.php: Admin email sent for order ID 60, status: paid
[08-Nov-2025 09:59:47 America/Toronto] handle_payment.php: Order 60 PAID | Total: $67 | Items: 1 | Price per item: $67
[08-Nov-2025 09:59:47 America/Toronto] handle_payment.php: Received webhook - Event time: 2025-11-08 09:59:47, Payload length: 4388, Signature: t=1762613987,v1=4b193e4aa7e700916cf4a765d76e649cbb04d8c5d25fdace12d9e5074615e256,v0=ca30d5f1305860077495d6c778de30fda75c307c4c14b83a752deff714b0b419
[08-Nov-2025 09:59:47 America/Toronto] handle_payment.php: Webhook signature verified. Event type: charge.updated, Event ID: evt_3SRDcB2NRh8PlH5z1ER9qiKa
[08-Nov-2025 09:59:47 America/Toronto] handle_payment.php: Unhandled event type charge.updated, Event ID: evt_3SRDcB2NRh8PlH5z1ER9qiKa
[09-Nov-2025 03:39:40 America/Toronto] handle_payment.php: Received webhook - Event time: 2025-11-09 03:39:40, Payload length: 3357, Signature: t=1762677580,v1=3be437737ff485baa865aa3b6498657310b57eab91ee6c8aabb9f588e94aff8d,v0=f973fb6a446cb294b174036a2baa02b0e251df21f37f804fa06181f1f012ec97
[09-Nov-2025 03:39:40 America/Toronto] handle_payment.php: Webhook signature verified. Event type: checkout.session.expired, Event ID: evt_1SRU9w2NRh8PlH5zeaOeXkAk
[09-Nov-2025 03:39:42 America/Toronto] send_order_email.php: User email sent for order ID 53, status: failed
[09-Nov-2025 03:39:44 America/Toronto] send_order_email.php: Admin email sent for order ID 53, status: failed
[09-Nov-2025 03:39:44 America/Toronto] handle_payment.php: Failure emails sent for order ID 53
[09-Nov-2025 03:39:57 America/Toronto] handle_payment.php: Received webhook - Event time: 2025-11-09 03:39:57, Payload length: 3357, Signature: t=1762677597,v1=125da2403f61748ba5557c73398c93501a446897de586d9245633a5e7445ebac,v0=2d0493a55ddd77ca68f95cff7a02f1fca8ca13b3bca3449fade6742a7ae8d544
[09-Nov-2025 03:39:57 America/Toronto] handle_payment.php: Webhook signature verified. Event type: checkout.session.expired, Event ID: evt_1SRUAD2NRh8PlH5zCslfj4Wm
[09-Nov-2025 03:39:59 America/Toronto] send_order_email.php: User email sent for order ID 54, status: failed
[09-Nov-2025 03:40:00 America/Toronto] send_order_email.php: Admin email sent for order ID 54, status: failed
[09-Nov-2025 03:40:00 America/Toronto] handle_payment.php: Failure emails sent for order ID 54
[13-Nov-2025 20:39:09 America/Toronto] handle_payment.php: Received webhook - Event time: 2025-11-13 20:39:09, Payload length: 975, Signature: t=1763084349,v1=9438b041041c22dfc28fc7706cdce64748eb3bd22f2c3f7ecab27557747d97c0,v0=df7ee5777375a223fa09f02ad5a5d8870f17dec9bff38b5af4be161ce64771a9
[13-Nov-2025 20:39:10 America/Toronto] handle_payment.php: Webhook signature verified. Event type: balance.available, Event ID: evt_1STByj2NRh8PlH5zzGfSZQpd
[13-Nov-2025 20:39:10 America/Toronto] handle_payment.php: Unhandled event type balance.available, Event ID: evt_1STByj2NRh8PlH5zzGfSZQpd
[14-Nov-2025 19:08:53 America/Toronto] handle_payment.php: Received webhook - Event time: 2025-11-14 19:08:53, Payload length: 965, Signature: t=1763165332,v1=6552bef8f1625087ee96c26ae8703e7ee189c36069192cdd89cc74e5230b740a,v0=0ab87b63583471950fa5dbc1c6d4311e3f67557d820dd7a0b290059a2869b4b6
[14-Nov-2025 19:08:53 America/Toronto] handle_payment.php: Webhook signature verified. Event type: balance.available, Event ID: evt_1STX2u2NRh8PlH5zs5MX1qQT
[14-Nov-2025 19:08:53 America/Toronto] handle_payment.php: Unhandled event type balance.available, Event ID: evt_1STX2u2NRh8PlH5zs5MX1qQT
[30-Nov-2025 01:13:26 America/Toronto] check_stock.php: Session user_id: 1
[30-Nov-2025 01:13:26 America/Toronto] check_stock.php: Insufficient stock for product_id: 2, requested: 1, available: 0
[30-Nov-2025 01:13:30 America/Toronto] check_stock.php: Session user_id: 1
[30-Nov-2025 01:13:30 America/Toronto] check_stock.php: Insufficient stock for product_id: 2, requested: 1, available: 0
[30-Nov-2025 10:30:00 America/Toronto] check_stock.php: Session user_id: 1
[30-Nov-2025 10:30:02 America/Toronto] check_shipping_address.php: Shipping address found and stored in session for user_id: 1
[01-Dec-2025 00:31:23 America/Toronto] check_stock.php: Session user_id: 1
[01-Dec-2025 00:31:23 America/Toronto] check_shipping_address.php: Shipping address found and stored in session for user_id: 1
[01-Dec-2025 00:40:00 America/Toronto] check_stock.php: Session user_id: 1
[01-Dec-2025 00:40:01 America/Toronto] check_shipping_address.php: Shipping address found and stored in session for user_id: 1
[01-Dec-2025 00:40:31 America/Toronto] handle_payment.php: Received webhook - Event time: 2025-12-01 00:40:31, Payload length: 4147, Signature: t=1764567631,v1=c31617fd505d7bf5efc1d4a334bd94394546022568b2c45e80e5dc44448a0a56,v0=33361591fa478b807385cbbed5db5034ba3f3e64fbdd840fdad0f2ff736e3bd8
[01-Dec-2025 00:40:31 America/Toronto] handle_payment.php: Webhook signature verified. Event type: charge.succeeded, Event ID: evt_3SZPqc2NRh8PlH5z1gxqjLtR
[01-Dec-2025 00:40:31 America/Toronto] handle_payment.php: Unhandled event type charge.succeeded, Event ID: evt_3SZPqc2NRh8PlH5z1gxqjLtR
[01-Dec-2025 00:40:31 America/Toronto] handle_payment.php: Received webhook - Event time: 2025-12-01 00:40:31, Payload length: 2573, Signature: t=1764567631,v1=1f5de8e9e385481889900ea2eee397cfec0e9232b889620f08ea4dd160efee03,v0=474910cdad3f6e7c399bb8170d3d359665b0441ccc9b8ff7b75b975ed58e94b2
[01-Dec-2025 00:40:31 America/Toronto] handle_payment.php: Webhook signature verified. Event type: payment_intent.succeeded, Event ID: evt_3SZPqc2NRh8PlH5z1ywBVMRt
[01-Dec-2025 00:40:31 America/Toronto] handle_payment.php: Unhandled event type payment_intent.succeeded, Event ID: evt_3SZPqc2NRh8PlH5z1ywBVMRt
[01-Dec-2025 00:40:31 America/Toronto] handle_payment.php: Received webhook - Event time: 2025-12-01 00:40:31, Payload length: 4182, Signature: t=1764567631,v1=d749a1eff2e924b18bd7715fc409c1badeb29ab4ec99cd1c6164f04ecf673891,v0=737cbbf001aa89ecfafecf6b1fc5fa2647557809ff09d6c4ec03b79352c422eb
[01-Dec-2025 00:40:31 America/Toronto] handle_payment.php: Webhook signature verified. Event type: checkout.session.completed, Event ID: evt_1SZPqd2NRh8PlH5zGmtrC73m
[01-Dec-2025 00:40:31 America/Toronto] handle_payment.php: Received webhook - Event time: 2025-12-01 00:40:31, Payload length: 1897, Signature: t=1764567631,v1=c7d0abc2d0a91ac4e4a5f064f1b7f7a1cd7ceda2322e233541c5cbe8f9910899,v0=4d61a834aa61bfc91130c3a6157c9510c34ee5c9011cd6e5011c30a530fdae86
[01-Dec-2025 00:40:31 America/Toronto] handle_payment.php: Webhook signature verified. Event type: payment_intent.created, Event ID: evt_3SZPqc2NRh8PlH5z1JPAfnR7
[01-Dec-2025 00:40:31 America/Toronto] handle_payment.php: Unhandled event type payment_intent.created, Event ID: evt_3SZPqc2NRh8PlH5z1JPAfnR7
[01-Dec-2025 00:40:33 America/Toronto] handle_payment.php: Received webhook - Event time: 2025-12-01 00:40:33, Payload length: 4388, Signature: t=1764567633,v1=1c9b4f4be27a91e84b7801510afe660880b7b980a1bccb557e3687c45a3874bb,v0=a00dcfcc941db2aaf812b54cbc33b38263be35b5fbb3b6f83fbac4e0e857dc39
[01-Dec-2025 00:40:33 America/Toronto] handle_payment.php: Webhook signature verified. Event type: charge.updated, Event ID: evt_3SZPqc2NRh8PlH5z1V5JTVW8
[01-Dec-2025 00:40:33 America/Toronto] handle_payment.php: Unhandled event type charge.updated, Event ID: evt_3SZPqc2NRh8PlH5z1V5JTVW8
[01-Dec-2025 00:40:33 America/Toronto] send_order_email.php: User email sent for order ID 63, status: paid
[01-Dec-2025 00:40:35 America/Toronto] send_order_email.php: Admin email sent for order ID 63, status: paid
[01-Dec-2025 00:40:35 America/Toronto] handle_payment.php: Order 63 PAID | Total: $24 | Items: 1 | Price per item: $24
[01-Dec-2025 10:30:03 America/Toronto] handle_payment.php: Received webhook - Event time: 2025-12-01 10:30:03, Payload length: 3359, Signature: t=1764603003,v1=8c8422a3f31db60c78ca8b5669fb6b6b08d549aa9e8436baade939698f01f6a0,v0=c5b39d678e81415b73e7db467417783b1c7f48cdd1e9d0e6ac5d5425df7f1f99
[01-Dec-2025 10:30:04 America/Toronto] handle_payment.php: Webhook signature verified. Event type: checkout.session.expired, Event ID: evt_1SZZ392NRh8PlH5zRiQvWvmm
[01-Dec-2025 10:30:05 America/Toronto] send_order_email.php: User email sent for order ID 61, status: failed
[01-Dec-2025 10:30:06 America/Toronto] send_order_email.php: Admin email sent for order ID 61, status: failed
[01-Dec-2025 10:30:06 America/Toronto] handle_payment.php: Failure emails sent for order ID 61
[02-Dec-2025 00:31:24 America/Toronto] handle_payment.php: Received webhook - Event time: 2025-12-02 00:31:24, Payload length: 3357, Signature: t=1764653484,v1=455b89fe6771f98a2a4a461645eef6128769171a09ee4ca201e6d5a4aed01d2c,v0=72fec082613e81382b6f826bfa9b80107abf2f9c9a4567dc6791c55fb8066e44
[02-Dec-2025 00:31:24 America/Toronto] handle_payment.php: Webhook signature verified. Event type: checkout.session.expired, Event ID: evt_1SZmBM2NRh8PlH5zr7s9XDMv
[02-Dec-2025 00:31:26 America/Toronto] send_order_email.php: User email sent for order ID 62, status: failed
[02-Dec-2025 00:31:27 America/Toronto] send_order_email.php: Admin email sent for order ID 62, status: failed
[02-Dec-2025 00:31:27 America/Toronto] handle_payment.php: Failure emails sent for order ID 62
[07-Dec-2025 19:04:04 America/Toronto] handle_payment.php: Received webhook - Event time: 2025-12-07 19:04:04, Payload length: 965, Signature: t=1765152243,v1=f591e3cf638ca7ee3f765a8a8abd606b7bef605e61c85264ad7d713ebd633630,v0=dd8298fabf9d3299e377ba1c12a1ba8ed15e4647069db5a8deaadeb1b970213f
[07-Dec-2025 19:04:04 America/Toronto] handle_payment.php: Webhook signature verified. Event type: balance.available, Event ID: evt_1Sbrvr2NRh8PlH5zYqDFCRAi
[07-Dec-2025 19:04:04 America/Toronto] handle_payment.php: Unhandled event type balance.available, Event ID: evt_1Sbrvr2NRh8PlH5zYqDFCRAi
[14-Dec-2025 18:56:09 America/Toronto] check_stock.php: Session user_id: 1
[14-Dec-2025 18:56:09 America/Toronto] check_shipping_address.php: Shipping address found and stored in session for user_id: 1
[14-Dec-2025 18:56:21 America/Toronto] handle_payment.php: Received webhook - Event time: 2025-12-14 18:56:21, Payload length: 4146, Signature: t=1765756580,v1=3a22ed77ab6f8388e5e7c1b81b9bcc7c8916ffe7871600ad970c1386855f627f,v0=8f5f6fb0542645942b8e51f61d90166380bdccd18e9ec4a65cf2d91059728953
[14-Dec-2025 18:56:21 America/Toronto] handle_payment.php: Webhook signature verified. Event type: charge.succeeded, Event ID: evt_3SeP9D2NRh8PlH5z0NttrSZP
[14-Dec-2025 18:56:21 America/Toronto] handle_payment.php: Unhandled event type charge.succeeded, Event ID: evt_3SeP9D2NRh8PlH5z0NttrSZP
[14-Dec-2025 18:56:21 America/Toronto] handle_payment.php: Received webhook - Event time: 2025-12-14 18:56:21, Payload length: 2605, Signature: t=1765756580,v1=baea20936aebd5748b548292d89d92992828a2eada442a3dde4c631e3e23fee5,v0=6de836fd21c6475b6664fcd5da1bcfd149e3c567b410e345df176a1c7247ef4c
[14-Dec-2025 18:56:21 America/Toronto] handle_payment.php: Webhook signature verified. Event type: payment_intent.succeeded, Event ID: evt_3SeP9D2NRh8PlH5z0hADhsbt
[14-Dec-2025 18:56:21 America/Toronto] handle_payment.php: Unhandled event type payment_intent.succeeded, Event ID: evt_3SeP9D2NRh8PlH5z0hADhsbt
[14-Dec-2025 18:56:21 America/Toronto] handle_payment.php: Received webhook - Event time: 2025-12-14 18:56:21, Payload length: 1929, Signature: t=1765756581,v1=befc6538b052e33d79a44fbaeb2cb19fe988bfb21c17d24ab73acb89b92a41ed,v0=59c1b8fe080c329aa52a48c084c68242086eab481d758f0e6c598f0ac6548530
[14-Dec-2025 18:56:21 America/Toronto] handle_payment.php: Webhook signature verified. Event type: payment_intent.created, Event ID: evt_3SeP9D2NRh8PlH5z0OAhPLNK
[14-Dec-2025 18:56:21 America/Toronto] handle_payment.php: Received webhook - Event time: 2025-12-14 18:56:21, Payload length: 4214, Signature: t=1765756581,v1=eaf8288af11f6e302585ff347eac48e096e2c8ec5c4d35e4a5a7cfda6b704a96,v0=4bf1a0909e4f154c3e276e30896616017414b8fbfa87c5d3070d389d89faef8e
[14-Dec-2025 18:56:21 America/Toronto] handle_payment.php: Unhandled event type payment_intent.created, Event ID: evt_3SeP9D2NRh8PlH5z0OAhPLNK
[14-Dec-2025 18:56:21 America/Toronto] handle_payment.php: Webhook signature verified. Event type: checkout.session.completed, Event ID: evt_1SeP9E2NRh8PlH5zSS4VrAXR
[14-Dec-2025 18:56:23 America/Toronto] send_order_email.php: User email sent for order ID 64, status: paid
[14-Dec-2025 18:56:23 America/Toronto] handle_payment.php: Received webhook - Event time: 2025-12-14 18:56:23, Payload length: 4387, Signature: t=1765756583,v1=b876b322101c5943c0c9716528f5872980118481a1335c4d6a9abbd9beb4ff6c,v0=aa37df4746ac9eeaa52433d57a30b5d9153d9b3a3414ca0f2c8495428fac5b81
[14-Dec-2025 18:56:23 America/Toronto] handle_payment.php: Webhook signature verified. Event type: charge.updated, Event ID: evt_3SeP9D2NRh8PlH5z0AE3KsLq
[14-Dec-2025 18:56:23 America/Toronto] handle_payment.php: Unhandled event type charge.updated, Event ID: evt_3SeP9D2NRh8PlH5z0AE3KsLq
[14-Dec-2025 18:56:24 America/Toronto] send_order_email.php: Admin email sent for order ID 64, status: paid
[14-Dec-2025 18:56:24 America/Toronto] handle_payment.php: Order 64 PAID | Total: $67 | Items: 1 | Price per item: $67
[14-Dec-2025 18:57:22 America/Toronto] check_stock.php: Session user_id: 1
[14-Dec-2025 18:57:22 America/Toronto] check_shipping_address.php: Shipping address found and stored in session for user_id: 1
[14-Dec-2025 18:57:28 America/Toronto] handle_payment.php: Received webhook - Event time: 2025-12-14 18:57:28, Payload length: 4151, Signature: t=1765756648,v1=db99d1a636fbfd415d05d2f375871f0ed4a5a18a9d30566d691003c086315f54,v0=b193e9851585ed55b16fe495bce1de874016fda83398bc788232cb69d8bc63d6
[14-Dec-2025 18:57:28 America/Toronto] handle_payment.php: Webhook signature verified. Event type: charge.succeeded, Event ID: evt_3SePAJ2NRh8PlH5z0bIQ6Vzw
[14-Dec-2025 18:57:28 America/Toronto] handle_payment.php: Unhandled event type charge.succeeded, Event ID: evt_3SePAJ2NRh8PlH5z0bIQ6Vzw
[14-Dec-2025 18:57:28 America/Toronto] handle_payment.php: Received webhook - Event time: 2025-12-14 18:57:28, Payload length: 2607, Signature: t=1765756648,v1=cb93908911141eadae8796db215f7e63ef9312eba672c6db76506152e1a92c92,v0=e2ac2a43db292f22358317b7a011d2036097cefe48a0c40bf8572243e6a13cac
[14-Dec-2025 18:57:28 America/Toronto] handle_payment.php: Webhook signature verified. Event type: payment_intent.succeeded, Event ID: evt_3SePAJ2NRh8PlH5z04g8kRH3
[14-Dec-2025 18:57:28 America/Toronto] handle_payment.php: Unhandled event type payment_intent.succeeded, Event ID: evt_3SePAJ2NRh8PlH5z04g8kRH3
[14-Dec-2025 18:57:28 America/Toronto] handle_payment.php: Received webhook - Event time: 2025-12-14 18:57:28, Payload length: 1930, Signature: t=1765756648,v1=e674a13016d5a530b7b40ca9891c1261336554a82c1d274a17bfa64297fcb26f,v0=7136fb84f06a7c4c7ff07388d95ea49429289510294422af87ca348d4b7677df
[14-Dec-2025 18:57:28 America/Toronto] handle_payment.php: Webhook signature verified. Event type: payment_intent.created, Event ID: evt_3SePAJ2NRh8PlH5z0EpqtsO6
[14-Dec-2025 18:57:28 America/Toronto] handle_payment.php: Unhandled event type payment_intent.created, Event ID: evt_3SePAJ2NRh8PlH5z0EpqtsO6
[14-Dec-2025 18:57:28 America/Toronto] handle_payment.php: Received webhook - Event time: 2025-12-14 18:57:28, Payload length: 4216, Signature: t=1765756648,v1=42e3f71ef936f3883f46b0f2cec136b008f8bd589e8d2d8badf1f40fa5460ab1,v0=61df85036efd49a589f355d297f8f5cb91d24aab7cb4ccb9ff91257c7405aaa3
[14-Dec-2025 18:57:28 America/Toronto] handle_payment.php: Webhook signature verified. Event type: checkout.session.completed, Event ID: evt_1SePAK2NRh8PlH5zHKMatMLK
[14-Dec-2025 18:57:30 America/Toronto] send_order_email.php: User email sent for order ID 65, status: paid
[14-Dec-2025 18:57:30 America/Toronto] handle_payment.php: Received webhook - Event time: 2025-12-14 18:57:30, Payload length: 4392, Signature: t=1765756650,v1=c7bed6aa4fc45e344e779cabbd3e26d80775bb0f39ffa0207eb0eedee8d3aaa6,v0=adc1a89e94930fcd420de9d5af7737b9fbb43c2f833bf534ea7d21d6c662e424
[14-Dec-2025 18:57:30 America/Toronto] handle_payment.php: Webhook signature verified. Event type: charge.updated, Event ID: evt_3SePAJ2NRh8PlH5z0GrSyvEt
[14-Dec-2025 18:57:30 America/Toronto] handle_payment.php: Unhandled event type charge.updated, Event ID: evt_3SePAJ2NRh8PlH5z0GrSyvEt
[14-Dec-2025 18:57:31 America/Toronto] send_order_email.php: Admin email sent for order ID 65, status: paid
[14-Dec-2025 18:57:31 America/Toronto] handle_payment.php: Order 65 PAID | Total: $134 | Items: 2 | Price per item: $67
[20-Dec-2025 19:06:36 America/Toronto] handle_payment.php: Received webhook - Event time: 2025-12-20 19:06:36, Payload length: 965, Signature: t=1766275596,v1=6d9ccfae357aa5b6eb2637d9f76bba449f52095867eaa4263a2b53d3eb7e8d43,v0=df27154ec828f8202e764233d8447ad26e3d3db353bda360fbb10dfdf0b74425
[20-Dec-2025 19:06:36 America/Toronto] handle_payment.php: Webhook signature verified. Event type: balance.available, Event ID: evt_1SgaAR2NRh8PlH5zYLiwXe8V
[20-Dec-2025 19:06:36 America/Toronto] handle_payment.php: Unhandled event type balance.available, Event ID: evt_1SgaAR2NRh8PlH5zYLiwXe8V
